step,loss,grad_norm,lr,tokens,flops,tok_per_s,elapsed_s
0,10.975127220153809,9.679546356201172,1.0245901639344262e-05,131072,64488933949440.0,15411.421995060997,8.50486159324646
10,9.550114631652832,1.9692989587783813,0.00011270491803278689,1441792,709378273443840.0,159196.83458591465,16.7381911277771
20,8.499037742614746,1.621019721031189,0.0002151639344262295,2752512,1354267612938240.0,159076.37483084478,24.977755308151245
30,7.6067023277282715,0.6090830564498901,0.0003176229508196721,4063232,1999156952432640.0,158708.80612169838,33.2364022731781
40,7.346447467803955,1.1844841241836548,0.00042008196721311477,5373952,2644046291927040.0,158164.8564967236,41.523451805114746
50,7.071692943572998,0.7656264305114746,0.0005225409836065574,6684672,3288935631421440.0,158008.54995786626,49.81869912147522
60,6.859522819519043,0.39546406269073486,0.000625,7995392,3933824970915840.0,157756.14675381887,58.12721848487854
70,6.643138885498047,0.402861624956131,0.0007274590163934426,9306112,4578714310410240.0,157454.80511697644,66.45163893699646
80,6.68101692199707,0.4214123487472534,0.0008299180327868853,10616832,5223603649904640.0,158006.4246034799,74.74699783325195
90,6.530290603637695,0.4502986669540405,0.0009323770491803279,11927552,5868492989399040.0,157452.13545454654,83.0715594291687
100,6.492271423339844,1.0581897497177124,0.0010348360655737705,13238272,6513382328893440.0,157456.53683831077,91.39588832855225
110,6.381019592285156,0.4534580111503601,0.0011372950819672132,14548992,7158271668387840.0,157184.52003403098,99.73462295532227
120,6.333871841430664,0.3263431787490845,0.0012397540983606558,15859712,7803161007882240.0,157113.24782843067,108.07714033126831
130,6.282309532165527,0.3521610498428345,0.0013422131147540985,17170432,8448050347376640.0,169508.96997078988,115.80959248542786
140,6.250945091247559,0.4456246793270111,0.0014446721311475409,18481152,9092939686871040.0,157293.0122779667,124.14257550239563
150,6.224267959594727,0.43346819281578064,0.0015471311475409835,19791872,9737829026365440.0,157334.70583114173,132.47335028648376
160,6.175772666931152,0.39059922099113464,0.0016495901639344264,21102592,1.038271836585984e+16,157321.62638765294,140.8048176765442
170,6.1916656494140625,0.46543046832084656,0.0017520491803278688,22413312,1.102760770535424e+16,157288.38152496333,149.13804602622986
180,6.104740142822266,0.7370529174804688,0.0018545081967213115,23724032,1.167249704484864e+16,157303.93995576823,157.47045016288757
190,6.079221248626709,0.4468877911567688,0.001956967213114754,25034752,1.231738638434304e+16,168864.63192123038,165.2324070930481
200,5.964244365692139,0.46940508484840393,0.002059426229508197,26345472,1.296227572383744e+16,139905.75068216532,174.60099983215332
210,5.963016033172607,0.45539113879203796,0.002161885245901639,27656192,1.360716506333184e+16,157592.26614651497,182.9181592464447
220,5.959505081176758,0.4876077473163605,0.002264344262295082,28966912,1.425205440282624e+16,157541.86675982006,191.23797941207886
230,5.898953914642334,0.4054480493068695,0.0023668032786885247,30277632,1.489694374232064e+16,159430.74701396402,199.45922923088074
240,5.898584365844727,0.49902233481407166,0.0024692622950819674,31588352,1.554183308181504e+16,158926.9498484175,207.70654034614563
250,5.852293968200684,0.47253555059432983,0.0024999941779302736,32899072,1.618672242130944e+16,157326.7723601405,216.03773522377014
260,5.866477012634277,0.43656566739082336,0.0024999585988335067,34209792,1.683161176080384e+16,159840.89461341154,224.23788952827454
270,5.722848415374756,0.5070124864578247,0.0024998906761448452,35520512,1.747650110029824e+16,156891.7721025778,232.5921835899353
280,5.775367736816406,0.4009512662887573,0.00249979041181713,36831232,1.812139043979264e+16,156911.75749642096,240.94541358947754
290,5.671591281890869,0.4133131802082062,0.0024996578087330516,38141952,1.876627977928704e+16,157044.63768092758,249.2915756702423
300,5.62470817565918,0.3707708418369293,0.0024994928707050704,39452672,1.941116911878144e+16,157098.4274143644,257.63488006591797
310,5.64010763168335,0.4302898943424225,0.002499295602475306,40763392,2.005605845827584e+16,104671.66827662905,270.1570842266083
320,5.59130334854126,0.5447237491607666,0.002499066009715401,42074112,2.070094779777024e+16,157153.6062099016,278.4974591732025
330,5.550236225128174,0.5127967596054077,0.002498804099026359,43384832,2.134583713726464e+16,168974.1983470856,286.2543830871582
340,5.473576068878174,0.41016149520874023,0.002498509877938351,44695552,2.199072647675904e+16,157739.15452936845,294.56379747390747
350,5.4443159103393555,0.3677881956100464,0.002498183354910504,46006272,2.263561581625344e+16,157449.82663031376,302.8884811401367
360,5.35991096496582,0.36527425050735474,0.0024978245393306544,47316992,2.328050515574784e+16,157443.81137895322,311.2134828567505
370,5.335667133331299,0.34537479281425476,0.0024974334415150796,48627712,2.392539449524224e+16,164472.4515186114,319.1827201843262
380,5.339160919189453,0.47760680317878723,0.0024970100727082006,49938432,2.457028383473664e+16,161682.28198209353,327.2894835472107
390,5.33115816116333,0.3587528169155121,0.002496554445082259,51249152,2.521517317423104e+16,171965.47147772848,334.9114787578583
400,5.32595682144165,0.44583725929260254,0.0024960665717369676,52559872,2.586006251372544e+16,136129.87752105348,344.5399308204651
410,5.254883289337158,0.2792038321495056,0.0024955464666991316,53870592,2.650495185321984e+16,156505.39097024544,352.9148499965668
420,5.285045623779297,0.45808088779449463,0.0024949941449222486,55181312,2.714984119271424e+16,156299.91864188394,361.3007788658142
430,5.160843849182129,0.3507978320121765,0.002494409622286077,56492032,2.779473053220864e+16,156639.08752477955,369.66854977607727
440,5.182631969451904,0.36394202709198,0.0024937929155961778,57802752,2.843961987170304e+16,156538.83159512765,378.0416798591614
450,5.147271633148193,0.3800435960292816,0.002493144042583435,59113472,2.908450921119744e+16,157005.532444611,386.38992071151733
460,5.107146263122559,0.34179529547691345,0.002492463021903543,60424192,2.972939855069184e+16,156279.30689645116,394.7769556045532
470,5.0423054695129395,0.3545718491077423,0.0024917498731364712,61734912,3.037428789018624e+16,156456.1161636313,403.1545124053955
480,5.090954780578613,0.37218764424324036,0.002491004616785901,63045632,3.101917722968064e+16,156377.55804753213,411.5362777709961
490,5.062130451202393,0.39214593172073364,0.002490227274278635,64356352,3.166406656917504e+16,156415.08716261253,419.91603207588196
500,5.006742477416992,0.3515736758708954,0.0024894178679639857,65667072,3.230895590866944e+16,156485.21051443112,428.292031288147
510,4.960777282714844,0.36405056715011597,0.0024885764211131263,66977792,3.295384524816384e+16,156671.91111035622,436.6580491065979
520,4.956164360046387,0.4910004734992981,0.0024877029579184256,68288512,3.359873458765824e+16,156538.6800462091,445.0311872959137
530,4.8603692054748535,0.3563387393951416,0.0024867975034927516,69599232,3.424362392715264e+16,170882.71775216894,452.70147728919983
540,4.850541591644287,0.3654920160770416,0.002485860083868751,70909952,3.488851326664704e+16,156997.14791902088,461.0501639842987
550,4.916309833526611,0.4245275557041168,0.0024848907259980963,72220672,3.553340260614144e+16,158695.21320775908,469.30951833724976
560,4.836437702178955,0.3304321765899658,0.0024838894577507175,73531392,3.617829194563584e+16,157323.5757846908,477.64088249206543
570,4.8539628982543945,0.33053264021873474,0.0024828563079139945,74842112,3.682318128513024e+16,157289.407557508,485.97405648231506
580,4.836931228637695,0.38212502002716064,0.002481791306191933,76152832,3.746807062462464e+16,156722.0948785956,494.3373954296112
590,4.7769246101379395,0.3658889830112457,0.0024806944832043098,77463552,3.811295996411904e+16,170619.69376051854,502.0195097923279
600,4.812606334686279,0.39395400881767273,0.002479565870485792,78774272,3.875784930361344e+16,135451.72429342562,511.69616770744324
610,4.74261474609375,0.31582996249198914,0.0024784055004850314,80084992,3.940273864310784e+16,104021.77591969131,524.2966063022614
620,4.714702129364014,0.381235271692276,0.0024772134065637295,81395712,4.004762798260224e+16,156699.32150638176,532.6611607074738
630,4.683827877044678,0.3524184226989746,0.0024759896229956807,82706432,4.069251732209664e+16,156600.82633315815,541.0309760570526
640,4.651878833770752,0.4225212633609772,0.0024747341849657854,84017152,4.133740666159104e+16,156518.44644351286,549.4051966667175
650,4.662811279296875,0.3233627378940582,0.002473447128569039,85327872,4.198229600108544e+16,156190.9544099691,557.796975851059
660,4.628200531005859,0.3140415549278259,0.0024721284908094934,86638592,4.262718534057984e+16,156141.3185941653,566.191422700882
670,4.635487079620361,0.33775612711906433,0.002470778309599194,87949312,4.327207468007424e+16,156266.85539807947,574.5791258811951
680,4.699814319610596,0.34773144125938416,0.00246939662375709,89260032,4.391696401956864e+16,156131.59830091993,582.9740953445435
690,4.634639739990234,0.3274175524711609,0.0024679834730079167,90570752,4.456185335906304e+16,156323.83845735042,591.3587410449982
700,4.652247428894043,0.32818281650543213,0.0024665388979810544,91881472,4.520674269855744e+16,156236.0527974796,599.7480978965759
710,4.6093058586120605,0.4670407474040985,0.0024650629402093614,93192192,4.585163203805184e+16,156425.06978035052,608.1273174285889
720,4.59931755065918,0.32819482684135437,0.002463555642127977,94502912,4.649652137754624e+16,156239.92910036308,616.5164661407471
730,4.637893199920654,0.3398214280605316,0.0024620170470731053,95813632,4.714141071704064e+16,168775.46441405048,624.2825238704681
740,4.499815940856934,0.29348549246788025,0.0024604471992807644,97124352,4.778630005653504e+16,156516.7397510734,632.6568357944489
750,4.513016700744629,0.31294092535972595,0.0024588461438855196,98435072,4.843118939602944e+16,156381.40578840327,641.0383949279785
760,4.4846110343933105,0.2949267327785492,0.002457213926919182,99745792,4.907607873552384e+16,156554.2554607526,649.4107000827789
770,4.528693199157715,0.32290077209472656,0.0024555505953094865,101056512,4.972096807501824e+16,156546.80169880314,657.7834038734436
780,4.501919269561768,0.4174927771091461,0.002453856196878745,102367232,5.036585741451264e+16,156644.0327255628,666.150910615921
790,4.545292854309082,0.3846694231033325,0.002452130780342465,103677952,5.101074675400704e+16,168647.27507477,673.9228713512421
800,4.452250957489014,0.30969396233558655,0.002450374395307956,104988672,5.165563609350144e+16,137110.0949093599,683.4824883937836
810,4.482875347137451,0.32412755489349365,0.002448587092272899,106299392,5.230052543299584e+16,170378.26422412574,691.1754884719849
820,4.475337982177734,0.290278822183609,0.0024467689226238963,107610112,5.294541477249024e+16,156291.25384856923,699.5618822574615
830,4.552924156188965,0.3450978398323059,0.0024449199386349933,108920832,5.359030411198464e+16,156023.7718648082,707.9626533985138
840,4.537803649902344,0.29996195435523987,0.0024430401934661763,110231552,5.423519345147904e+16,156935.32736805553,716.3146288394928
850,4.466187477111816,0.27861180901527405,0.0024411297411618435,111542272,5.488008279097344e+16,156165.22093942267,724.707790851593
860,4.417211532592773,0.33214548230171204,0.002439188636649252,112852992,5.552497213046784e+16,156983.223514676,733.0572180747986
870,4.49677038192749,0.3193497359752655,0.0024372169357369374,114163712,5.616986146996224e+16,156144.69348630874,741.4514834880829
880,4.449289321899414,0.2813654839992523,0.002435214695113109,115474432,5.681475080945664e+16,156292.3646658186,749.8378176689148
890,4.454689979553223,0.29485616087913513,0.0024331819723440234,116785152,5.745964014895104e+16,155948.8411196109,758.2426252365112
900,4.468877792358398,0.29599419236183167,0.0024311188258723244,118095872,5.810452948844544e+16,156137.02147221327,766.6373031139374
910,4.431704521179199,0.2907029986381531,0.002429025315015366,119406592,5.874941882793984e+16,156291.43602151572,775.0236871242523
920,4.363786220550537,0.27265802025794983,0.0024269014999635063,120717312,5.939430816743424e+16,103697.07794023848,787.663580417633
930,4.482655048370361,0.32928359508514404,0.002424747441778377,122028032,6.003919750692864e+16,168080.00575272387,795.4617714881897
940,4.423446178436279,0.29995816946029663,0.002422563202391127,123338752,6.068408684642304e+16,156441.41055474777,803.8401157855988
950,4.396579742431641,0.2728157937526703,0.002420348844600643,124649472,6.132897618591744e+16,156125.6478792298,812.2354052066803
960,4.433314800262451,0.2946363091468811,0.002418104432071743,125960192,6.197386552541184e+16,156341.4741199938,820.6191051006317
970,4.399044513702393,0.29113903641700745,0.0024158300293333464,127270912,6.261875486490624e+16,156352.6390575996,829.002206325531
980,4.444863319396973,0.2801046371459961,0.002413525701776619,128581632,6.326364420440064e+16,155964.3745923089,837.4061768054962
990,4.403439044952393,0.3245546519756317,0.0024111915156530927,129892352,6.390853354389504e+16,168188.05691356352,845.1993579864502
1000,4.4428205490112305,0.30518510937690735,0.0024088275380727596,131203072,6.455342288338944e+16,136144.40398504757,854.8267827033997
1010,4.391911506652832,0.29886502027511597,0.002406433837002144,132513792,6.519831222288384e+16,157079.71844640415,863.171080827713
1020,4.409876823425293,0.299686998128891,0.002404010481262349,133824512,6.584320156237824e+16,157146.17163187577,871.5118503570557
1030,4.393308162689209,0.29333868622779846,0.0024015575405270744,135135232,6.648809090187264e+16,156741.8761845505,879.8741338253021
1040,4.377181529998779,0.2796142101287842,0.0023990750853206174,136445952,6.713298024136704e+16,156836.07899970136,888.2313945293427
1050,4.33236837387085,0.2835705280303955,0.002396563187015843,137756672,6.777786958086144e+16,156984.74315411696,896.5807409286499
1060,4.280197620391846,0.3115229606628418,0.0023940219178321324,139067392,6.842275892035584e+16,156898.09003546272,904.9346985816956
1070,4.346587181091309,0.2880336046218872,0.002391451350833306,140378112,6.906764825985024e+16,158076.95967293094,913.2263560295105
1080,4.319131374359131,0.3545383810997009,0.0023888515599255235,141688832,6.971253759934464e+16,157507.69391176672,921.547981262207
1090,4.318202018737793,0.2812340557575226,0.0023862226198551597,142999552,7.035742693883904e+16,156955.57928229962,929.8988790512085
1100,4.32646369934082,0.2616097629070282,0.0023835646062066525,144310272,7.100231627833344e+16,156796.60798347692,938.258243560791
1110,4.241866111755371,0.35395580530166626,0.0023808775954003336,145620992,7.164720561782784e+16,156665.72745775006,946.624591588974
1120,4.287474632263184,0.27884313464164734,0.0023781616646902292,146931712,7.229209495732224e+16,156788.58112297996,954.984384059906
1130,4.3241777420043945,0.2555902302265167,0.002375416892161839,148242432,7.293698429681664e+16,168634.98361090812,962.756911277771
1140,4.255182266235352,0.31789255142211914,0.0023726433567298924,149553152,7.358187363631104e+16,156915.66292263241,971.1099333763123
1150,4.309315204620361,0.3078421354293823,0.0023698411381360765,150863872,7.422676297580544e+16,157505.23003169955,979.431688785553
1160,4.299565315246582,0.3237907588481903,0.002367010316946748,152174592,7.487165231529984e+16,158325.98198452254,987.7103047370911
1170,4.209170341491699,0.2721570134162903,0.0023641509745506127,153485312,7.551654165479424e+16,156956.9818760642,996.0611279010773
1180,4.326706886291504,0.3413032591342926,0.0023612631931563886,154796032,7.616143099428864e+16,156683.88690720822,1004.426506280899
1190,4.292196750640869,0.27341532707214355,0.00235834705579044,156106752,7.680632033378304e+16,168283.6049355567,1012.2152626514435
1200,4.257596015930176,0.27952393889427185,0.002355402646294392,157417472,7.745120967327744e+16,137599.18083812695,1021.7409007549286
1210,4.296794414520264,0.3105507493019104,0.0023524300493227195,158728192,7.809609901277184e+16,157088.03997546167,1030.0847568511963
1220,4.299129009246826,0.3474435806274414,0.002349429350340312,160038912,7.874098835226624e+16,104203.79022337493,1042.6631860733032
1230,4.2170820236206055,0.2865431010723114,0.002346400635620019,161349632,7.938587769176064e+16,156273.45182416873,1051.0505352020264
1240,4.248515605926514,0.30369359254837036,0.002343343992240168,162660352,8.003076703125504e+16,156349.3841201954,1059.4338109493256
1250,4.274172782897949,0.3118380606174469,0.0023402595080820603,163971072,8.067565637074944e+16,169546.0918668266,1067.164570093155
1260,4.323919296264648,0.27121108770370483,0.0023371472718274455,165281792,8.132054571024384e+16,156379.31063665604,1075.5462415218353
1270,4.269474983215332,0.32677751779556274,0.002334007372955971,166592512,8.196543504973824e+16,156131.40319793494,1083.9412214756012
1280,4.196256637573242,0.2585473358631134,0.0023308399017426115,167903232,8.261032438923264e+16,156396.75860242776,1092.3219578266144
1290,4.204944133758545,0.2604360282421112,0.0023276449492550693,169213952,8.325521372872704e+16,156366.7231149071,1100.7043039798737
1300,4.252992153167725,0.27913981676101685,0.002324422607351161,170524672,8.390010306822144e+16,156462.2120326721,1109.0815343856812
1310,4.212252616882324,0.2923494279384613,0.0023211729686761725,171835392,8.454499240771584e+16,156506.38899097164,1117.4564001560211
1320,4.268244743347168,0.23673421144485474,0.0023178961266601965,173146112,8.518988174721024e+16,155867.18093021287,1125.865611076355
1330,4.234818458557129,0.3184596300125122,0.0023145921755154493,174456832,8.583477108670464e+16,168601.0982487323,1133.6397004127502
1340,4.235518455505371,0.26501142978668213,0.002311261210233556,175767552,8.647966042619904e+16,156758.1312449883,1142.0011167526245
1350,4.25803279876709,0.3165047764778137,0.002307903326582826,177078272,8.712454976569344e+16,158724.6330946036,1150.2589402198792
1360,4.255149841308594,0.31058505177497864,0.0023045186211054945,178388992,8.776943910518784e+16,156677.11290011983,1158.6246802806854
1370,4.220276832580566,0.2725856900215149,0.0023011071911149495,179699712,8.841432844468224e+16,156720.52670767478,1166.9881029129028
1380,4.210178852081299,0.23875457048416138,0.0022976691346929335,181010432,8.905921778417664e+16,156584.92053402882,1175.3587684631348
1390,4.258017539978027,0.2841797471046448,0.002294204550686723,182321152,8.970410712367104e+16,170463.6947605022,1183.0479130744934
1400,4.209711074829102,0.2658156156539917,0.0022907135387062873,183631872,9.034899646316544e+16,137498.6278764984,1192.5805172920227
1410,4.196678638458252,0.28603753447532654,0.0022871961991214242,184942592,9.099388580265984e+16,156976.78218389043,1200.9302871227264
1420,4.194735527038574,0.258110910654068,0.002283652633058873,186253312,9.163877514215424e+16,156951.40301736345,1209.2814071178436
1430,4.242050647735596,0.31369858980178833,0.0022800829423994104,187564032,9.228366448164864e+16,156692.14421818088,1217.6463446617126
1440,4.218157768249512,0.26121219992637634,0.002276487229774917,188874752,9.292855382114304e+16,156710.7162993641,1226.0102908611298
1450,4.188531398773193,0.27679339051246643,0.0022728655985654314,190185472,9.357344316063744e+16,156981.53804929537,1234.359807729721
1460,4.22927713394165,0.27216076850891113,0.0022692181528961718,191496192,9.421833250013184e+16,156600.85755916097,1242.7296214103699
1470,4.212726593017578,0.31314796209335327,0.00226554499763455,192806912,9.486322183962624e+16,157907.46369717797,1251.0301790237427
1480,4.149730682373047,0.3027328550815582,0.0022618462383871486,194117632,9.550811117912064e+16,156745.23686642057,1259.3922832012177
1490,4.215059757232666,0.24411268532276154,0.00225812198149669,195428352,9.615300051861504e+16,156710.9887941212,1267.7562148571014
1500,4.221501350402832,0.296954482793808,0.0022543723340389767,196739072,9.679788985810944e+16,156657.0890203506,1276.123024225235
1510,4.14787483215332,0.2929556965827942,0.002250597403819814,198049792,9.744277919760384e+16,156630.86258004472,1284.4912345409393
1520,4.218656539916992,0.29777640104293823,0.0022467972993719092,199360512,9.808766853709824e+16,156822.5231354634,1292.8492176532745
1530,4.206455707550049,0.26768916845321655,0.0022429721299517514,200671232,9.873255787659264e+16,109174.82062811349,1304.8549163341522
1540,4.245205402374268,0.271533727645874,0.0022391220055364715,201981952,9.937744721608704e+16,156911.86050401983,1313.2081408500671
1550,4.156673908233643,0.27837932109832764,0.0022352470368206786,203292672,1.0002233655558144e+17,156977.19007433802,1321.5578889846802
1560,4.177696228027344,0.28803062438964844,0.0022313473352132793,204603392,1.0066722589507584e+17,156839.98513409455,1329.9149415493011
1570,4.276700973510742,0.3612052798271179,0.0022274230128342723,205914112,1.0131211523457024e+17,157001.15623824467,1338.2634150981903
1580,4.2177276611328125,0.2875429689884186,0.0022234741825115276,207224832,1.0195700457406464e+17,157030.9380919036,1346.6103053092957
1590,4.16401481628418,0.28479689359664917,0.002219500957777539,208535552,1.0260189391355904e+17,170586.91701331362,1354.2938957214355
1600,4.178364276885986,0.2995755076408386,0.002215503452866163,209846272,1.0324678325305344e+17,135530.92538649697,1363.9648988246918
1610,4.128727912902832,0.28202003240585327,0.0022114817827093352,211156992,1.0389167259254784e+17,156758.67656528906,1372.3262860774994
1620,4.166135311126709,0.2864518463611603,0.0022074360629337616,212467712,1.0453656193204224e+17,158629.74604158406,1380.5890491008759
1630,4.221340179443359,0.2571970522403717,0.0022033664098575967,213778432,1.0518145127153664e+17,155806.46768069555,1389.001536846161
1640,4.178205490112305,0.3061623275279999,0.0021992729404871026,215089152,1.0582634061103104e+17,156923.60873613536,1397.3541359901428
1650,4.10944128036499,0.2351475954055786,0.002195155772513278,216399872,1.0647122995052544e+17,156716.90350400182,1405.7177519798279
1660,4.115782260894775,0.27257615327835083,0.0021910150243084803,217710592,1.0711611929001984e+17,156602.11999227467,1414.0874981880188
1670,4.126318454742432,0.23800842463970184,0.00218685081492302,219021312,1.0776100862951424e+17,156818.3450016168,1422.4457039833069
1680,4.166886329650879,0.23907500505447388,0.0021826632640817366,220332032,1.0840589796900864e+17,156966.44219670177,1430.7960238456726
1690,4.12022066116333,0.28615623712539673,0.00217845249218056,221642752,1.0905078730850304e+17,168959.53800327744,1438.553620815277
1700,4.106042385101318,0.27446863055229187,0.0021742186202830457,222953472,1.0969567664799744e+17,156785.44215094746,1446.9135806560516
1710,4.17394495010376,0.2716861367225647,0.0021699617701168954,224264192,1.1034056598749184e+17,156846.39734354228,1455.2702915668488
1720,4.107974052429199,0.2407805621623993,0.0021656820640704568,225574912,1.1098545532698624e+17,156883.1445356331,1463.6250450611115
1730,4.139167785644531,0.2573115825653076,0.0021613796251892053,226885632,1.1163034466648064e+17,165058.03628019837,1471.5660095214844
1740,4.120849609375,0.24664846062660217,0.0021570545771722066,228196352,1.1227523400597504e+17,159587.43068956776,1479.7791876792908
1750,4.108684539794922,0.2891247570514679,0.0021527070443685603,229507072,1.1292012334546944e+17,155942.18360034315,1488.1843540668488
1760,4.121006488800049,0.2719900608062744,0.002148337151773822,230817792,1.1356501268496384e+17,156003.99873620362,1496.5861899852753
1770,4.096660137176514,0.25382155179977417,0.0021439450250264145,232128512,1.1420990202445824e+17,156044.16566273876,1504.9858632087708
1780,4.143834590911865,0.31676727533340454,0.0021395307904040115,233439232,1.1485479136395264e+17,157925.5220163947,1513.2854716777802
1790,4.101598262786865,0.2908461391925812,0.0021350945748199075,234749952,1.1549968070344704e+17,168211.59533922802,1521.0775623321533
1800,4.175466537475586,0.2613629996776581,0.0021306365058193725,236060672,1.1614457004294144e+17,136402.31632825272,1530.6867833137512
1810,4.161469459533691,0.2857917249202728,0.0021261567115759793,237371392,1.1678945938243584e+17,156237.09178763154,1539.0760843753815
1820,4.116865634918213,0.29136186838150024,0.0021216553208879235,238682112,1.1743434872193024e+17,155875.74130939908,1547.4848334789276
1830,4.0948333740234375,0.24997994303703308,0.0021171324631743173,239992832,1.1807923806142464e+17,103603.05936796752,1560.1361973285675
1840,4.056009769439697,0.3177257478237152,0.00211258826847147,241303552,1.1872412740091904e+17,155875.81202372612,1568.5449426174164
1850,4.088963031768799,0.2718825340270996,0.0021080228674291482,242614272,1.1936901674041344e+17,156012.73796494,1576.9463078975677
1860,4.014579772949219,0.25834670662879944,0.0021034363913068213,243924992,1.2001390607990784e+17,156010.25422435688,1585.347806930542
1870,4.033576965332031,0.2773231565952301,0.0020988289719698853,245235712,1.2065879541940224e+17,156140.85738501948,1593.7422785758972
1880,4.099972724914551,0.22814273834228516,0.002094200741885875,246546432,1.2130368475889664e+17,156330.9909349174,1602.1265406608582
1890,4.130600929260254,0.30099356174468994,0.0020895518341206495,247857152,1.2194857409839104e+17,158039.50123232135,1610.4201633930206
1900,4.088548183441162,0.2665718197822571,0.0020848823823345747,249167872,1.2259346343788544e+17,155817.55633265895,1618.8320524692535
1910,4.060950756072998,0.24201393127441406,0.002080192520778673,250478592,1.2323835277737984e+17,154952.02665186132,1627.2909286022186
1920,4.063166618347168,0.28627753257751465,0.0020754823842907668,251789312,1.2388324211687424e+17,155988.49277836955,1635.6935997009277
1930,4.085558891296387,0.27586081624031067,0.0020707521082916026,253100032,1.2452813145636864e+17,164559.902295406,1643.6586019992828
1940,4.084152698516846,0.2824311852455139,0.002066001828780955,254410752,1.2517302079586304e+17,158804.44378750442,1651.912275314331
1950,4.1040496826171875,0.2897190749645233,0.0020612316823337183,255721472,1.2581791013535744e+17,156936.7878400925,1660.2641730308533
1960,4.057460308074951,0.2504488229751587,0.00205644180609598,257032192,1.2646279947485184e+17,157218.67867069703,1668.6010959148407
1970,4.0866265296936035,0.27722838521003723,0.002051632337781076,258342912,1.2710768881434624e+17,157488.2873032667,1676.923746585846
1980,4.110881805419922,0.24158598482608795,0.0020468034156656345,259653632,1.2775257815384064e+17,157463.5362668129,1685.2477054595947
1990,3.960756540298462,0.2520602345466614,0.0020419551785855958,260964352,1.2839746749333504e+17,169950.88491091065,1692.9600512981415
2000,4.023915767669678,0.3003782331943512,0.0020370877659322247,262275072,1.2904235683282944e+17,135583.9447834521,1702.627272605896
2010,4.022649765014648,0.25229987502098083,0.002032201317648102,263585792,1.2968724617232384e+17,157586.6420363046,1710.9447288513184
2020,4.125818252563477,0.2987377345561981,0.002027295974223097,264896512,1.3033213551181824e+17,157814.44785047657,1719.2501788139343
2030,4.095083236694336,0.26440733671188354,0.002022371876690336,266207232,1.3097702485131264e+17,157794.059758124,1727.5567018985748
2040,4.087707996368408,0.29064708948135376,0.00201742916662214,267517952,1.3162191419080704e+17,157702.25861324914,1735.868060350418
2050,4.128653049468994,0.21817545592784882,0.0020124679861259587,268828672,1.3226680353030144e+17,158005.51180857045,1744.163467168808
2060,4.051076412200928,0.23950161039829254,0.0020074884778402842,270139392,1.3291169286979584e+17,158354.71319362664,1752.4405810832977
2070,4.0696797370910645,0.2579992711544037,0.0020024907849305468,271450112,1.3355658220929024e+17,158307.89579255035,1760.720142841339
2080,4.084898948669434,0.29198792576789856,0.001997475051085005,272760832,1.3420147154878464e+17,160616.81518819783,1768.88068318367
2090,4.046688079833984,0.28845837712287903,0.001992441420510608,274071552,1.3484636088827904e+17,158419.7982823643,1777.154396533966
2100,4.09456205368042,0.32592323422431946,0.0019873900379288527,275382272,1.3549125022777344e+17,158280.17499743256,1785.4354083538055
2110,4.073338985443115,0.2539195716381073,0.0019823210485716246,276692992,1.3613613956726784e+17,158042.30443395177,1793.7288839817047
2120,4.097818851470947,0.33316653966903687,0.0019772345981770175,278003712,1.3678102890676224e+17,157938.67938344725,1802.0278010368347
2130,4.048142910003662,0.26188400387763977,0.0019721308329851478,279314432,1.3742591824625664e+17,171526.350876396,1809.6693091392517
2140,4.006808757781982,0.27567657828330994,0.0019670098997339475,280625152,1.3807080758575104e+17,110398.00311111235,1821.541987657547
2150,4.024445533752441,0.25425028800964355,0.0019618719456549454,281935872,1.3871569692524544e+17,157807.55761694652,1829.8478002548218
2160,4.057159423828125,0.25455227494239807,0.0019567171184690364,283246592,1.3936058626473984e+17,159409.9992805966,1838.0701200962067
2170,4.061923980712891,0.2804153263568878,0.0019515455663822313,284557312,1.4000547560423424e+17,158281.10008275157,1846.3510835170746
2180,3.990419626235962,0.30438393354415894,0.0019463574380813979,285868032,1.4065036494372864e+17,158122.6490957134,1854.6403450965881
2190,3.9836039543151855,0.2551097869873047,0.001941152882729985,287178752,1.4129525428322304e+17,171958.18843346543,1862.2626631259918
2200,4.0218095779418945,0.3194403052330017,0.0019359320499637343,288489472,1.4194014362271744e+17,137013.519642833,1871.829018354416
2210,4.010274410247803,0.25273874402046204,0.001930695089886378,289800192,1.4258503296221184e+17,158465.38009454324,1880.1003518104553
2220,4.031716346740723,0.2555970549583435,0.0019254421530653227,291110912,1.4322992230170624e+17,158487.14824455755,1888.3705492019653
2230,4.008682727813721,0.2277814894914627,0.0019201733905273228,292421632,1.4387481164120064e+17,158527.29681074133,1896.638652086258
2240,4.023708820343018,0.25572940707206726,0.0019148889537541354,293732352,1.4451970098069504e+17,158384.68228685643,1904.9141998291016
2250,3.974729537963867,0.2869630455970764,0.0019095889946781658,295043072,1.4516459032018944e+17,158440.86439579623,1913.1868131160736
2260,4.010069370269775,0.25902867317199707,0.0019042736656781,296353792,1.4580947965968384e+17,158125.55985506158,1921.4759221076965
2270,4.031895160675049,0.26498693227767944,0.0018989431195745243,297664512,1.4645436899917824e+17,158363.7907745361,1929.7525615692139
2280,4.078238010406494,0.25146377086639404,0.0018935975096255303,298975232,1.4709925833867264e+17,158235.82460558176,1938.035894393921
2290,3.990283966064453,0.2525917589664459,0.0018882369895223084,300285952,1.4774414767816704e+17,157775.14399444844,1946.3434133529663
2300,4.085544586181641,0.2686455249786377,0.0018828617133847298,301596672,1.4838903701766144e+17,157643.3803751308,1954.6578760147095
2310,3.962847948074341,0.2545793652534485,0.0018774718357569156,302907392,1.4903392635715584e+17,157802.3122015189,1962.9639647006989
2320,3.982325553894043,0.26993319392204285,0.001872067511602793,304218112,1.4967881569665024e+17,157615.10099487548,1971.2799191474915
2330,3.971820116043091,0.23985283076763153,0.0018666488963016402,305528832,1.5032370503614464e+17,157589.79510246767,1979.5972089767456
2340,4.037728309631348,0.24749092757701874,0.0018612161456436182,306839552,1.5096859437563904e+17,168388.7202736558,1987.3811032772064
2350,4.062966823577881,0.25774654746055603,0.0018557694158252936,308150272,1.5161348371513344e+17,157268.45304804636,1995.715387582779
2360,3.9612550735473633,0.25423842668533325,0.0018503088634451463,309460992,1.5225837305462784e+17,157218.88998889312,2004.0522992610931
2370,4.076719760894775,0.2807805836200714,0.001844834645499067,310771712,1.5290326239412224e+17,157353.01620230917,2012.3821046352386
2380,4.044872760772705,0.2484080046415329,0.0018393469193758445,312082432,1.5354815173361664e+17,157331.20275835384,2020.7130649089813
2390,4.073856830596924,0.3036552369594574,0.0018338458428526403,313393152,1.5419304107311104e+17,171517.49961921803,2028.3549673557281
2400,4.005375862121582,0.3074984550476074,0.0018283315740904515,314703872,1.5483793041260544e+17,138800.69937341267,2037.7981474399567
2410,3.985170364379883,0.25138580799102783,0.0018228042716295645,316014592,1.5548281975209984e+17,158275.57707370483,2046.0793998241425
2420,3.9781343936920166,0.21574637293815613,0.0018172640943849966,317325312,1.5612770909159424e+17,158038.27457893197,2054.3730869293213
2430,4.0527238845825195,0.2865988612174988,0.0018117112016419268,318636032,1.5677259843108864e+17,157863.72987660742,2062.6759440898895
2440,4.009612560272217,0.21920053660869598,0.0018061457530511164,319946752,1.5741748777058304e+17,105666.4414115811,2075.0802607536316
2450,4.003900527954102,0.30983301997184753,0.0018005679086243187,321257472,1.5806237711007744e+17,157357.47059908012,2083.4098303318024
2460,3.94960355758667,0.30612626671791077,0.0017949778287296792,322568192,1.5870726644957184e+17,157178.70479026448,2091.7488734722137
2470,4.013360023498535,0.2671438157558441,0.001789375674087123,323878912,1.5935215578906624e+17,157139.2812372366,2100.0900087356567
2480,3.9853057861328125,0.2684992253780365,0.0017837616057637374,325189632,1.5999704512856064e+17,157369.18655117546,2108.4189581871033
2490,4.025284767150879,0.2540045380592346,0.0017781357851691364,326500352,1.6064193446805504e+17,157237.2363720732,2116.7548971176147
2500,3.978492259979248,0.2597712278366089,0.0017724983740508254,327811072,1.6128682380754944e+17,157055.97955514162,2125.1004564762115
2510,4.103529453277588,0.267436146736145,0.0017668495344895455,329121792,1.6193171314704384e+17,157301.9190310705,2133.4329676628113
2520,3.967615842819214,0.25140443444252014,0.0017611894288946171,330432512,1.6257660248653824e+17,157276.6191082649,2141.7668192386627
2530,3.9823837280273438,0.24250216782093048,0.0017555182199992694,331743232,1.6322149182603264e+17,157331.71605232442,2150.0977523326874
2540,4.0217180252075195,0.2842426896095276,0.0017498360708559622,333053952,1.6386638116552704e+17,169915.35009949718,2157.8117110729218
2550,3.9931631088256836,0.2505030333995819,0.0017441431448316964,334364672,1.6451127050502144e+17,158054.836006509,2166.1045291423798
2560,4.037359237670898,0.2924557328224182,0.0017384396056033186,335675392,1.6515615984451584e+17,165279.08777851713,2174.034873008728
2570,4.015017986297607,0.2532763183116913,0.0017327256171528144,336986112,1.6580104918401024e+17,162966.65780070232,2182.0777451992035
2580,3.981806755065918,0.28111132979393005,0.0017270013437625954,338296832,1.6644593852350464e+17,157581.3480599942,2190.3954808712006
2590,4.0139570236206055,0.2424870878458023,0.0017212669500107727,339607552,1.6709082786299904e+17,169360.92654095634,2198.1346921920776
2600,4.005128860473633,0.3332403600215912,0.0017155226007664294,340918272,1.6773571720249344e+17,138859.78764818437,2207.573853969574
2610,4.023197650909424,0.2809498906135559,0.0017097684611848756,342228992,1.6838060654198784e+17,157511.57941773048,2215.895273923874
2620,3.9856553077697754,0.27573123574256897,0.001704004696702904,343539712,1.6902549588148224e+17,157819.6442365148,2224.2004504203796
2630,3.9913277626037598,0.2739594578742981,0.0016982314730340327,344850432,1.6967038522097664e+17,157669.36820379793,2232.51354265213
2640,3.9789745807647705,0.26556456089019775,0.0016924489561637385,346161152,1.7031527456047104e+17,157804.33694490706,2240.8195247650146
2650,3.908951759338379,0.24497823417186737,0.0016866573123446875,347471872,1.7096016389996544e+17,157855.12199724544,2249.1228346824646
2660,3.9725265502929688,0.2633712887763977,0.0016808567080919526,348782592,1.7160505323945984e+17,157631.054072514,2257.437947511673
2670,3.9635581970214844,0.3054139316082001,0.0016750473101782295,350093312,1.7224994257895424e+17,157699.20961274876,2265.7494666576385
2680,3.9507763385772705,0.2802896499633789,0.0016692292856290377,351404032,1.7289483191844864e+17,158053.53641098097,2274.04235291481
2690,3.9639999866485596,0.24842867255210876,0.0016634028017179212,352714752,1.7353972125794304e+17,158473.04052225934,2282.3132865428925
2700,3.961078643798828,0.2389039248228073,0.0016575680259616385,354025472,1.7418461059743744e+17,159476.00116451786,2290.532203435898
2710,3.910944700241089,0.25724461674690247,0.0016517251261153468,355336192,1.7482949993693184e+17,159967.65876254867,2298.725859642029
2720,3.9547805786132812,0.2623840868473053,0.0016458742701677765,356646912,1.7547438927642624e+17,158447.52234302598,2306.9981253147125
2730,3.8864526748657227,0.2610531747341156,0.001640015626336405,357957632,1.7611927861592064e+17,157900.71046612284,2315.2990379333496
2740,3.9502174854278564,0.2576095759868622,0.001634149363062618,359268352,1.7676416795541504e+17,168305.04722686118,2323.086802005768
2750,3.930680274963379,0.23950806260108948,0.0016282756490068667,360579072,1.7740905729490944e+17,105669.53061312437,2335.490756034851
2760,3.9143152236938477,0.3154454529285431,0.0016223946530438205,361889792,1.7805394663440384e+17,157218.77308939528,2343.8276739120483
2770,3.9669790267944336,0.25145643949508667,0.0016165065442575077,363200512,1.7869883597389824e+17,155886.76467962837,2352.235828399658
2780,3.903148889541626,0.25031113624572754,0.0016106114919364597,364511232,1.7934372531339264e+17,157284.05703490172,2360.5692858695984
2790,3.9743542671203613,0.25585606694221497,0.001604709665568839,365821952,1.7998861465288704e+17,169082.788974424,2368.3212280273438
2800,3.9412953853607178,0.25323012471199036,0.0015988012348375686,367132672,1.8063350399238144e+17,136787.9692671599,2377.9033572673798
2810,3.9410948753356934,0.251328706741333,0.0015928863696154536,368443392,1.8127839333187584e+17,157943.2849798803,2386.202032327652
2820,3.9810962677001953,0.2497044950723648,0.001586965239960296,369754112,1.8192328267137024e+17,158315.65041947228,2394.4811885356903
2830,3.9422667026519775,0.24867410957813263,0.001581038016110006,371064832,1.8256817201086464e+17,158333.21853050758,2402.7594261169434
2840,3.9963340759277344,0.24092653393745422,0.001575104868477708,372375552,1.8321306135035904e+17,158120.31146970319,2411.0488102436066
2850,3.962186813354492,0.24007095396518707,0.0015691659676468398,373686272,1.8385795068985344e+17,158088.06474275453,2419.3398852348328
2860,3.924833059310913,0.2357846051454544,0.00156322148436625,374996992,1.8450284002934784e+17,158096.9890219877,2427.630492210388
2870,3.9150071144104004,0.27978572249412537,0.0015572715895452865,376307712,1.8514772936884224e+17,158427.75562908972,2435.903789997101
2880,3.9831814765930176,0.27177515625953674,0.0015513164542488847,377618432,1.8579261870833664e+17,158272.18234605115,2444.185220003128
2890,3.9603705406188965,0.28015950322151184,0.0015453562496926488,378929152,1.8643750804783104e+17,158109.4565130111,2452.4751732349396
2900,3.9846606254577637,0.26255738735198975,0.001539391147237928,380239872,1.8708239738732544e+17,158400.50400879415,2460.7498943805695
2910,3.9014174938201904,0.2674364149570465,0.0015334213183868914,381550592,1.8772728672681984e+17,158534.91293706474,2469.0176000595093
2920,3.984070062637329,0.30200517177581787,0.0015274469347775952,382861312,1.8837217606631424e+17,158346.1292227852,2477.295162677765
2930,3.868771553039551,0.2505263388156891,0.0015214681681790503,384172032,1.8901706540580864e+17,158384.18491448296,2485.5707364082336
2940,3.8820767402648926,0.26488661766052246,0.0015154851904862824,385482752,1.8966195474530304e+17,169540.66972836864,2493.3017427921295
2950,3.9513251781463623,0.24129235744476318,0.001509498173715389,386793472,1.9030684408479744e+17,157900.58348007136,2501.602662086487
2960,3.9778239727020264,0.23313136398792267,0.0015035072899985964,388104192,1.9095173342429184e+17,157704.92319241876,2509.913880109787
2970,3.8705825805664062,0.26079508662223816,0.0014975127115793075,389414912,1.9159662276378624e+17,157556.73483878886,2518.23291516304
2980,3.911597967147827,0.2737810015678406,0.0014915146108071518,390725632,1.9224151210328064e+17,159100.17132801845,2526.471246957779
2990,3.9508538246154785,0.25192511081695557,0.0014855131601330307,392036352,1.9288640144277504e+17,158798.36587103197,2534.7252361774445
3000,3.8888015747070312,0.28862133622169495,0.0014795085321041568,393347072,1.9353129078226944e+17,149657.50473556528,2543.4833669662476
3010,3.959977388381958,0.2708366811275482,0.0014735008993590963,394657792,1.9417618012176384e+17,169678.18642711703,2551.2081077098846
3020,3.918811082839966,0.24235676229000092,0.0014674904346228018,395968512,1.9482106946125824e+17,157254.96628328992,2559.5431067943573
3030,3.92842173576355,0.26133406162261963,0.0014614773107016498,397279232,1.9546595880075264e+17,157486.17141029,2567.865869283676
3040,3.944796085357666,0.2434796839952469,0.0014554617004784698,398589952,1.9611084814024704e+17,157598.22497914193,2576.1827142238617
3050,3.9841926097869873,0.26538780331611633,0.0014494437769075757,399900672,1.9675573747974144e+17,104555.90056349282,2588.718783378601
3060,3.871317148208618,0.3075493574142456,0.0014434237130097913,401211392,1.9740062681923584e+17,157508.9574699083,2597.0403418540955
3070,3.9544458389282227,0.2821906805038452,0.0014374016818674777,402522112,1.9804551615873024e+17,157678.36737859383,2605.3529596328735
3080,3.8744091987609863,0.2954426109790802,0.0014313778566195552,403832832,1.9869040549822464e+17,157672.85921899945,2613.665867805481
3090,3.9090192317962646,0.2629789412021637,0.0014253524104565266,405143552,1.9933529483771904e+17,157489.39715472452,2621.9884598255157
3100,3.885878801345825,0.24116197228431702,0.0014193255166154975,406454272,1.9998018417721344e+17,155911.53095818654,2630.3952786922455
3110,3.9089102745056152,0.26286035776138306,0.0014132973483751965,407764992,2.0062507351670784e+17,158795.5403716819,2638.6494147777557
3120,3.862133502960205,0.24283701181411743,0.001407268079050991,409075712,2.0126996285620224e+17,158042.0272896526,2646.9429049491882
3130,4.016796588897705,0.27081260085105896,0.0014012378819899054,410386432,2.0191485219569664e+17,157807.1499296743,2655.248739004135
3140,3.9271345138549805,0.24709634482860565,0.0013952069305656393,411697152,2.0255974153519104e+17,171911.07333196973,2662.873146057129
3150,3.92169189453125,0.2568851411342621,0.0013891753981735786,413007872,2.0320463087468544e+17,157770.1814520133,2671.180926322937
3160,3.8570289611816406,0.26086241006851196,0.0013831434582258144,414318592,2.0384952021417984e+17,157922.57325210285,2679.480689764023
3170,3.899582624435425,0.23275022208690643,0.0013771112841461544,415629312,2.0449440955367424e+17,157954.11259258067,2687.7787959575653
3180,3.875028610229492,0.2544082999229431,0.001371079049365138,416940032,2.0513929889316864e+17,158144.81449802246,2696.066895723343
3190,3.881239414215088,0.24002088606357574,0.0013650469273150498,418250752,2.0578418823266304e+17,169315.92773367724,2703.808163881302
3200,3.929487705230713,0.2771417796611786,0.0013590150914249333,419561472,2.0642907757215744e+17,138897.89880411627,2713.2447357177734
3210,3.9486441612243652,0.23619972169399261,0.0013529837151156055,420872192,2.0707396691165184e+17,158105.85974468943,2721.534877538681
3220,3.9445888996124268,0.2407500445842743,0.0013469529717946682,422182912,2.0771885625114624e+17,157776.25789267564,2729.842337846756
3230,3.862133264541626,0.27313032746315,0.001340923034851526,423493632,2.0836374559064064e+17,157861.73080671474,2738.1453001499176
3240,3.922438621520996,0.2798730731010437,0.0013348940776523976,424804352,2.0900863493013504e+17,157948.54884757532,2746.443698644638
3250,3.8602869510650635,0.2757136821746826,0.0013288662735353354,426115072,2.0965352426962944e+17,158824.93323370875,2754.696307182312
3260,3.9228620529174805,0.2524701654911041,0.001322839795805238,427425792,2.1029841360912384e+17,158659.29734025183,2762.9575312137604
3270,3.8451881408691406,0.2725191116333008,0.0013168148177288691,428736512,2.1094330294861824e+17,158341.40433097683,2771.235340833664
3280,3.8461148738861084,0.2339959591627121,0.001310791512529877,430047232,2.1158819228811264e+17,157863.15417555184,2779.5382282733917
3290,3.8644051551818848,0.255527526140213,0.0013047700533838126,431357952,2.1223308162760704e+17,157795.42302761826,2787.84467959404
3300,3.787651777267456,0.29535654187202454,0.001298750613413151,432668672,2.1287797096710144e+17,157847.84750729802,2796.1483721733093
3310,3.918217182159424,0.2576461136341095,0.0012927333656823142,433979392,2.1352286030659584e+17,159094.97775327336,2804.3869729042053
3320,3.8599305152893066,0.2431269735097885,0.0012867184831926966,435290112,2.1416774964609024e+17,157073.63270827307,2812.731594324112
3330,3.924250364303589,0.27109113335609436,0.0012807061388776873,436600832,2.1481263898558464e+17,156745.0491649633,2821.0937085151672
3340,3.869741916656494,0.26803550124168396,0.0012746965055977022,437911552,2.1545752832507904e+17,157411.14585913278,2829.420437812805
3350,3.912604331970215,0.24330644309520721,0.001268689756135212,439222272,2.1610241766457344e+17,169392.57616592318,2837.158203125
3360,3.920438289642334,0.23822933435440063,0.001262686063189775,440532992,2.1674730700406784e+17,104581.5665648877,2849.6911957263947
3370,3.8933653831481934,0.27262938022613525,0.001256685599373073,441843712,2.1739219634356224e+17,158458.07208819187,2857.9629106521606
3380,3.842658281326294,0.24765647947788239,0.0012506885372039448,443154432,2.1803708568305664e+17,157991.5214809151,2866.2590520381927
3390,3.8831796646118164,0.288431316614151,0.0012446950491034308,444465152,2.1868197502255104e+17,169419.2931658382,2873.9955971240997
3400,3.8806958198547363,0.24048364162445068,0.0012387053073898134,445775872,2.1932686436204544e+17,137760.10672079286,2883.510107755661
3410,3.8939781188964844,0.24709771573543549,0.001232719484273662,447086592,2.1997175370153984e+17,157306.53257662943,2891.842374563217
3420,3.877086639404297,0.24331776797771454,0.001226737751852884,448397312,2.2061664304103424e+17,157508.79952403193,2900.163941383362
3430,3.8760578632354736,0.2624274492263794,0.0012207602821077746,449708032,2.2126153238052864e+17,157207.0660355917,2908.501480102539
3440,3.845810651779175,0.23264923691749573,0.001214787246896073,451018752,2.2190642172002304e+17,157357.31295687164,2916.83105802536
3450,3.8810646533966064,0.2363930344581604,0.0012088188179480224,452329472,2.2255131105951744e+17,157189.6480518826,2925.1695206165314
3460,3.876140832901001,0.27153825759887695,0.001202855166861431,453640192,2.2319620039901184e+17,157102.10419661505,2933.5126297473907
3470,3.8387577533721924,0.23399266600608826,0.0011968964650967404,454950912,2.2384108973850624e+17,157261.23252770377,2941.8472967147827
3480,3.853381395339966,0.25503453612327576,0.001190942883972092,456261632,2.2448597907800064e+17,157285.1550098547,2950.1806960105896
3490,3.8289835453033447,0.30567190051078796,0.0011849945946584065,457572352,2.2513086841749504e+17,157152.37530065884,2958.5211362838745
3500,3.817063093185425,0.26778969168663025,0.0011790517681744591,458883072,2.2577575775698944e+17,157356.58330276396,2966.8507528305054
3510,3.836670398712158,0.2716567814350128,0.0011731145753819641,460193792,2.2642064709648384e+17,157461.14592809067,2975.174838066101
3520,3.839580535888672,0.246169313788414,0.0011671831869806623,461504512,2.2706553643597824e+17,157369.55594058568,2983.503767967224
3530,3.852005958557129,0.2566308081150055,0.0011612577735034117,462815232,2.2771042577547264e+17,159331.10275664963,2991.7301592826843
3540,3.8577795028686523,0.2828955054283142,0.0011553385053112864,464125952,2.2835531511496704e+17,169700.1479911635,2999.4539003372192
3550,3.8566384315490723,0.26093530654907227,0.0011494255525886785,465436672,2.2900020445446144e+17,157539.17157194088,3007.773862838745
3560,3.841644048690796,0.2563783824443817,0.0011435190853384036,466747392,2.2964509379395584e+17,157432.96344438088,3016.09943819046
3570,3.8651084899902344,0.23239362239837646,0.0011376192733768148,468058112,2.3028998313345024e+17,158326.8300899068,3024.3780097961426
3580,3.8576107025146484,0.2566792964935303,0.0011317262863289196,469368832,2.3093487247294464e+17,157226.67318884726,3032.7145087718964
3590,3.8605575561523438,0.2452685385942459,0.0011258402936235017,470679552,2.3157976181243904e+17,157426.6113787009,3041.0404200553894
3600,3.861320734024048,0.25676602125167847,0.0011199614644882528,471990272,2.3222465115193344e+17,147681.0198621148,3049.9157650470734
3610,3.773238182067871,0.2711859345436096,0.0011140899679449034,473300992,2.3286954049142784e+17,158932.7067932599,3058.1627774238586
3620,3.8604273796081543,0.2906498312950134,0.0011082259728043672,474611712,2.3351442983092224e+17,157164.46060927078,3066.5025763511658
3630,3.8906407356262207,0.2540369927883148,0.0011023696476618855,475922432,2.3415931917041664e+17,156948.84001202704,3074.85383272171
3640,3.8436899185180664,0.2776470184326172,0.0010965211608921783,477233152,2.3480420850991104e+17,156985.81454001943,3083.203122138977
3650,3.8345556259155273,0.24480266869068146,0.0010906806806446063,478543872,2.3544909784940544e+17,156882.2133344961,3091.557925224304
3660,3.821481227874756,0.2924530506134033,0.0010848483748383362,479854592,2.3609398718889984e+17,104299.90204507226,3104.1247634887695
3670,3.8761727809906006,0.3027842044830322,0.0010790244111575104,481165312,2.3673887652839424e+17,157965.50905574576,3112.42227101326
3680,3.8202128410339355,0.3104434609413147,0.0010732089570464295,482476032,2.3738376586788864e+17,157803.4672501061,3120.7282989025116
3690,3.840742826461792,0.2716695964336395,0.0010674021797047342,483786752,2.3802865520738304e+17,157600.94026005673,3129.045000553131
3700,3.8134241104125977,0.22307178378105164,0.001061604246082601,485097472,2.3867354454687744e+17,157769.7196254387,3137.3528051376343
3710,3.870469093322754,0.2623074948787689,0.001055815322875941,486408192,2.3931843388637184e+17,157623.28049814794,3145.6683280467987
3720,3.8429553508758545,0.2513831853866577,0.001050035576521608,487718912,2.3996332322586624e+17,157651.2689546941,3153.9823746681213
3730,3.8085083961486816,0.2647855579853058,0.0010442651731926138,489029632,2.4060821256536064e+17,157742.72558011336,3162.2916009426117
3740,3.8408758640289307,0.29275646805763245,0.0010385042787933473,490340352,2.4125310190485504e+17,171037.2447163506,3169.9549610614777
3750,3.8106000423431396,0.2482798993587494,0.0010327530589548087,491651072,2.4189799124434944e+17,158278.70764289924,3178.2360496520996
3760,3.833876609802246,0.23659522831439972,0.0010270116790298454,492961792,2.4254288058384384e+17,157875.0770307359,3186.5383100509644
3770,3.881072998046875,0.21909883618354797,0.0010212803040883975,494272512,2.4318776992333824e+17,157991.78936720037,3194.8344373703003
3780,3.8234333992004395,0.2560086250305176,0.0010155590989127548,495583232,2.4383265926283264e+17,158190.75709828016,3203.1201300621033
3790,3.8363895416259766,0.2697462737560272,0.0010098482279928135,496893952,2.4447754860232704e+17,169468.48429329676,3210.8544294834137
3800,3.7427926063537598,0.2543407678604126,0.0010041478555213534,498204672,2.4512243794182144e+17,139850.7744771309,3220.2267050743103
3810,3.9019339084625244,0.2650686204433441,0.000998458145389313,499515392,2.4576732728131584e+17,158017.32446199874,3228.521491765976
3820,3.813156843185425,0.2649455964565277,0.0009927792611810796,500826112,2.4641221662081024e+17,157882.43564574642,3236.823365211487
3830,3.836556911468506,0.2922127842903137,0.000987111366169784,502136832,2.4705710596030464e+17,157867.90496817318,3245.1260027885437
3840,3.825068950653076,0.2718064486980438,0.0009814546233126087,503447552,2.4770199529979904e+17,157532.54460093897,3253.4463152885437
3850,3.809016466140747,0.2544078230857849,0.0009758091952461007,504758272,2.4834688463929344e+17,157571.67346942986,3261.764561653137
3860,3.8174781799316406,0.25577494502067566,0.000970175244281497,506068992,2.4899177397878784e+17,157555.48857562116,3270.083662509918
3870,3.8364531993865967,0.24966107308864594,0.000964552932400057,507379712,2.4963666331828224e+17,157744.839320037,3278.392777442932
3880,3.7743725776672363,0.22276540100574493,0.0009589424212484055,508690432,2.5028155265777664e+17,157809.6096748683,3286.6984820365906
3890,3.7907471656799316,0.2563486099243164,0.0009533438721338872,510001152,2.5092644199727104e+17,157743.99743824734,3295.00764131546
3900,3.8729119300842285,0.2439895123243332,0.0009477574460199246,511311872,2.5157133133676544e+17,157660.10781399682,3303.3212218284607
3910,3.8112082481384277,0.25631028413772583,0.0009421833035213945,512622592,2.5221622067625984e+17,157950.79517378728,3311.6195023059845
3920,3.8801565170288086,0.2638787031173706,0.0009366216049000084,513933312,2.5286111001575424e+17,160111.82455273063,3319.8057808876038
3930,3.7909369468688965,0.25270938873291016,0.0009310725100597042,515244032,2.5350599935524864e+17,157482.5262525393,3328.1287360191345
3940,3.7727670669555664,0.2699410319328308,0.0009255361785420513,516554752,2.5415088869474304e+17,157814.25757953984,3336.434195995331
3950,3.8473117351531982,0.22133788466453552,0.000920012769521659,517865472,2.5479577803423744e+17,168964.98015777397,3344.1915431022644
3960,3.864893674850464,0.24219420552253723,0.0009145024418016048,519176192,2.5544066737373184e+17,157934.5096219092,3352.4906792640686
3970,3.7675588130950928,0.24106848239898682,0.0009090053538088671,520486912,2.5608555671322624e+17,105531.72625196545,3364.9108304977417
3980,3.7715938091278076,0.26174527406692505,0.0009035216635897689,521797632,2.5673044605272064e+17,157992.5930315068,3373.206915616989
3990,3.8064489364624023,0.2896055281162262,0.0008980515288054358,523108352,2.5737533539221504e+17,168872.78611593167,3380.9684977531433
4000,3.778090476989746,0.2503935992717743,0.0008925951067272619,524419072,2.5802022473170944e+17,138650.54082420171,3390.4219048023224
4010,3.756802558898926,0.28282463550567627,0.0008871525542323877,525729792,2.5866511407120384e+17,157843.63268907493,3398.7258191108704
4020,3.8524367809295654,0.25546756386756897,0.000881724027799192,527040512,2.5931000341069824e+17,157901.72182660963,3407.0266785621643
4030,3.8071846961975098,0.2403918206691742,0.0008763096835027896,528351232,2.5995489275019264e+17,157674.67714045662,3415.339490890503
4040,3.8781790733337402,0.2564912438392639,0.0008709096770105477,529661952,2.6059978208968704e+17,157968.94964934138,3423.6368176937103
4050,3.7704901695251465,0.24397623538970947,0.0008655241635776071,530972672,2.6124467142918144e+17,157728.71386741637,3431.9467821121216
4060,3.8243656158447266,0.2733905613422394,0.0008601532980424201,532283392,2.6188956076867584e+17,157845.99386596426,3440.25057220459
4070,3.779147148132324,0.24859309196472168,0.0008547972348222994,533594112,2.6253445010817024e+17,158330.17700305788,3448.528968811035
4080,3.836522102355957,0.2609627842903137,0.0008494561279089763,534904832,2.6317933944766464e+17,157829.27680390066,3456.8336384296417
4090,3.9139816761016846,0.26397380232810974,0.0008441301308641757,536215552,2.6382422878715904e+17,157773.7176843167,3465.1412324905396
4100,3.7860641479492188,0.26175692677497864,0.0008388193968151993,537526272,2.6446911812665344e+17,157845.35031362873,3473.445056438446
4110,3.868779182434082,0.2623923718929291,0.000833524078450523,538836992,2.6511400746614784e+17,158021.1034306529,3481.739644765854
4120,3.7957935333251953,0.24799029529094696,0.0008282443280154095,540147712,2.6575889680564224e+17,157864.93115611156,3490.0424387454987
4130,3.743173360824585,0.258689820766449,0.0008229802973075268,541458432,2.6640378614513664e+17,157959.83104237734,3498.3402445316315
4140,3.8107526302337646,0.26346340775489807,0.0008177321376725891,542769152,2.6704867548463104e+17,169788.1350273156,3506.0599830150604
4150,3.833151340484619,0.24088947474956512,0.0008125000000000003,544079872,2.6769356482412544e+17,156078.84514175486,3514.4577898979187
4160,3.807684898376465,0.24348101019859314,0.0008072840347185189,545390592,2.6833845416361984e+17,158106.22805352023,3522.7479124069214
4170,3.8435187339782715,0.2545267343521118,0.0008020843917919333,546701312,2.6898334350311424e+17,158053.30921116032,3531.040810585022
4180,3.7799947261810303,0.22738850116729736,0.0007969012207147477,548012032,2.6962823284260864e+17,157611.96950923692,3539.35693025589
4190,3.7687392234802246,0.2813783884048462,0.0007917346705078869,549322752,2.7027312218210304e+17,157672.23064397016,3547.66987156868
4200,3.7869346141815186,0.25614219903945923,0.0007865848897144096,550633472,2.7091801152159744e+17,146401.26563068305,3556.6227996349335
4210,3.7680132389068604,0.24887986481189728,0.0007814520263952381,551944192,2.7156290086109184e+17,158041.6093033677,3564.9163117408752
4220,3.8091742992401123,0.24707548320293427,0.0007763362281249032,553254912,2.7220779020058624e+17,158382.0813833001,3573.191995382309
4230,3.7819533348083496,0.27450212836265564,0.0007712376419872982,554565632,2.7285267954008064e+17,158095.13407102038,3581.4826996326447
4240,3.747185707092285,0.22912746667861938,0.0007661564145714536,555876352,2.7349756887957504e+17,157969.1584500825,3589.7800154685974
4250,3.742234468460083,0.24046508967876434,0.0007610926919673193,557187072,2.7414245821906944e+17,157842.81241190972,3598.083972930908
4260,3.7574710845947266,0.2575821578502655,0.0007560466197615658,558497792,2.7478734755856384e+17,157825.7924516461,3606.388825893402
4270,3.8080177307128906,0.2313433140516281,0.0007510183430333998,559808512,2.7543223689805824e+17,105507.32912426714,3618.811849117279
4280,3.7675013542175293,0.24247437715530396,0.0007460080063503897,561119232,2.7607712623755264e+17,157563.24191704817,3627.1305406093597
4290,3.8486416339874268,0.25941070914268494,0.0007410157537643134,562429952,2.7672201557704704e+17,157313.22607455673,3635.4624528884888
4300,3.9055581092834473,0.24159909784793854,0.0007360417288070126,563740672,2.7736690491654144e+17,157362.70900409165,3643.791745185852
4310,3.82039475440979,0.2589830458164215,0.0007310860744862685,565051392,2.7801179425603584e+17,157078.82081526233,3652.136090993881
4320,3.8407251834869385,0.2485876977443695,0.0007261489332816903,566362112,2.7865668359553024e+17,157361.14149981743,3660.46546626091
4330,3.8142127990722656,0.27314335107803345,0.000721230447140617,567672832,2.7930157293502464e+17,157512.04876011465,3668.7868614196777
4340,3.8164544105529785,0.2748028039932251,0.0007163307574740388,568983552,2.7994646227451904e+17,170300.90601540118,3676.483355998993
4350,3.7412569522857666,0.27838557958602905,0.0007114500051525286,570294272,2.8059135161401344e+17,159002.6228540766,3684.72674202919
4360,3.7305779457092285,0.27182602882385254,0.0007065883305021934,571604992,2.8123624095350784e+17,157683.34676044103,3693.0390973091125
4370,3.8096094131469727,0.27106431126594543,0.000701745873300641,572915712,2.8188113029300224e+17,157463.64451028395,3701.3630504608154
4380,3.7586634159088135,0.2428586184978485,0.0006969227727729585,574226432,2.8252601963249664e+17,157250.76057734375,3709.6982724666595
4390,3.8303844928741455,0.25246331095695496,0.000692119167587712,575537152,2.8317090897199104e+17,157255.65900937677,3718.033234834671
4400,3.8189265727996826,0.2937169671058655,0.000687335195852957,576847872,2.8381579831148544e+17,146171.93351689517,3727.0002093315125
4410,3.8140957355499268,0.250601202249527,0.0006825709951122711,578158592,2.8446068765097984e+17,157343.59479044945,3735.3305134773254
4420,3.812906265258789,0.2512615919113159,0.0006778267023407969,579469312,2.8510557699047424e+17,157172.09013654717,3743.6699075698853
4430,3.7658045291900635,0.2631397247314453,0.0006731024539413038,580780032,2.8575046632996864e+17,157123.17157091558,3752.0118980407715
4440,3.8341329097747803,0.24749153852462769,0.0006683983857402687,582090752,2.8639535566946304e+17,157115.85212821068,3760.3542771339417
4450,3.7455852031707764,0.2408997118473053,0.0006637146329839679,583401472,2.8704024500895744e+17,157236.99352433547,3768.6902289390564
4460,3.7932488918304443,0.2352963089942932,0.0006590513303345911,584712192,2.8768513434845184e+17,157316.84089032808,3777.0219497680664
4470,3.8074023723602295,0.24854595959186554,0.0006544086118663681,586022912,2.8833002368794624e+17,157680.9497435471,3785.334431409836
4480,3.7618606090545654,0.2717224955558777,0.0006497866110617141,587333632,2.8897491302744064e+17,157896.47468448684,3793.635566711426
4490,3.7325639724731445,0.29099059104919434,0.0006451854608073937,588644352,2.8961980236693504e+17,157861.73533969576,3801.938528776169
4500,3.8198933601379395,0.2670486271381378,0.0006406052933906981,589955072,2.9026469170642944e+17,157733.47467403885,3810.248242378235
4510,3.854966640472412,0.30325785279273987,0.0006360462404956431,591265792,2.9090958104592384e+17,157792.25719874533,3818.55486035347
4520,3.8281984329223633,0.2890274226665497,0.0006315084331991824,592576512,2.9155447038541824e+17,156591.86052462776,3826.9251549243927
4530,3.809906005859375,0.2420552521944046,0.000626992001967439,593887232,2.9219935972491264e+17,158478.8651355517,3835.1957845687866
4540,3.7404370307922363,0.24955867230892181,0.0006224970766519554,595197952,2.9284424906440704e+17,158152.7305943114,3843.4834694862366
4550,3.8017070293426514,0.2415129840373993,0.0006180237864859578,596508672,2.9348913840390144e+17,170467.56390458284,3851.1724395751953
4560,3.7706713676452637,0.26752325892448425,0.0006135722600806436,597819392,2.9413402774339584e+17,157709.72328124326,3859.483404636383
4570,3.757112503051758,0.2772359549999237,0.0006091426254214811,599130112,2.9477891708289024e+17,157604.27010830044,3867.7999305725098
4580,3.7675681114196777,0.25658169388771057,0.0006047350098645308,600440832,2.9542380642238464e+17,104709.7288238122,3880.3175830841064
4590,3.6848552227020264,0.26135554909706116,0.0006003495401327844,601751552,2.9606869576187904e+17,168925.3975221956,3888.076747894287
4600,3.7413692474365234,0.2519272565841675,0.0005959863423125201,603062272,2.9671358510137344e+17,136212.21941335237,3897.6993794441223
4610,3.7137086391448975,0.234832301735878,0.0005916455418496791,604372992,2.9735847444086784e+17,157954.66626564754,3905.997456550598
4620,3.7550196647644043,0.2389126569032669,0.000587327263546257,605683712,2.9800336378036224e+17,158956.8831630255,3914.2432146072388
4630,3.7379114627838135,0.2412404716014862,0.0005830316315567171,606994432,2.9864825311985664e+17,157213.70161701198,3922.5804014205933
4640,3.7312936782836914,0.2676946818828583,0.000578758769384421,608305152,2.9929314245935104e+17,157186.82557822196,3930.919013738632
4650,3.701082229614258,0.2750471830368042,0.0005745087998780762,609615872,2.9993803179884544e+17,157086.72480999923,3939.2629396915436
4660,3.7652206420898438,0.23396466672420502,0.0005702818452282056,610926592,3.0058292113833984e+17,157188.87950203774,3947.601443052292
4670,3.8051984310150146,0.25962314009666443,0.0005660780269636337,612237312,3.0122781047783424e+17,157239.28261891205,3955.93727350235
4680,3.7414302825927734,0.24430978298187256,0.0005618974659479925,613548032,3.0187269981732864e+17,157613.57364578688,3964.253308534622
4690,3.7718522548675537,0.2691022455692291,0.0005577402823762474,614858752,3.0251758915682304e+17,157848.72222358448,3972.556955099106
4700,3.6463160514831543,0.26283806562423706,0.0005536065957712398,616169472,3.0316247849631744e+17,157614.90668550783,3980.8729197978973
4710,3.763707160949707,0.25709617137908936,0.0005494965249802531,617480192,3.0380736783581184e+17,157757.2196409808,3989.1813826560974
4720,3.719486713409424,0.24106468260288239,0.0005454101881715933,618790912,3.0445225717530624e+17,157888.3574939455,3997.482944726944
4730,3.707716941833496,0.2687855362892151,0.0005413477028311926,620101632,3.0509714651480064e+17,157844.04056487212,4005.78683757782
4740,3.715963125228882,0.23726792633533478,0.0005373091857592325,621412352,3.0574203585429504e+17,170513.78521153846,4013.47372341156
4750,3.731691837310791,0.26541319489479065,0.0005332947530667838,622723072,3.0638692519378944e+17,157754.10061285135,4021.782350540161
4760,3.7503445148468018,0.22824357450008392,0.0005293045201724703,624033792,3.0703181453328384e+17,157769.05858426215,4030.090189933777
4770,3.693915605545044,0.304593563079834,0.0005253386017991486,625344512,3.0767670387277824e+17,157677.0558771174,4038.402876853943
4780,3.8097219467163086,0.24083445966243744,0.0005213971119706102,626655232,3.0832159321227264e+17,157836.42723088412,4046.7071702480316
4790,3.728433132171631,0.2592734098434448,0.000517480164008305,627965952,3.0896648255176704e+17,157541.13087860052,4055.027029275894
4800,3.709791660308838,0.25793594121932983,0.0005135878705280802,629276672,3.0961137189126144e+17,146752.1376302937,4063.958551645279
4810,3.7553837299346924,0.26000532507896423,0.0005097203434369452,630587392,3.1025626123075584e+17,157874.88207983822,4072.2608222961426
4820,3.741255044937134,0.3200508952140808,0.0005058776939298518,631898112,3.1090115057025024e+17,157624.51879528144,4080.5762798786163
4830,3.7370080947875977,0.26501157879829407,0.0005020600324864993,633208832,3.1154603990974464e+17,159678.9590488434,4088.78475022316
4840,3.6867592334747314,0.2498627007007599,0.0004982674688681571,634519552,3.1219092924923904e+17,158371.51438008226,4097.060986042023
4850,3.7203521728515625,0.25308045744895935,0.0004945001121145087,635830272,3.1283581858873344e+17,157688.4983320333,4105.373069763184
4860,3.7778310775756836,0.2641739249229431,0.0004907580705405179,637140992,3.1348070792822784e+17,157845.21435253913,4113.6769008636475
4870,3.6705617904663086,0.2641162574291229,0.00048704145173331315,638451712,3.1412559726772224e+17,157890.280149681,4121.9783618450165
4880,3.780519485473633,0.24560125172138214,0.0004833503625490948,639762432,3.1477048660721664e+17,104713.46838824773,4134.495567321777
4890,3.700664758682251,0.2674872875213623,0.0004796849091100644,641073152,3.1541537594671104e+17,158490.37400276808,4142.7655963897705
4900,3.7121987342834473,0.23732969164848328,0.0004760451968013706,642383872,3.1606026528620544e+17,156291.28495123735,4151.151988506317
4910,3.77423357963562,0.25226929783821106,0.00047243133026808257,643694592,3.1670515462569984e+17,155911.40715143527,4159.558814048767
4920,3.809004545211792,0.25757572054862976,0.0004688434134121785,645005312,3.1735004396519424e+17,155961.28623309746,4167.9629509449005
4930,3.7529196739196777,0.24572871625423431,0.00046528154938955984,646316032,3.1799493330468864e+17,155948.19524899026,4176.3677933216095
4940,3.8117568492889404,0.2620571255683899,0.00046174584060708595,647626752,3.1863982264418304e+17,168073.89079528576,4184.166268110275
4950,3.656433582305908,0.24945326149463654,0.0004582363887196278,648937472,3.1928471198367744e+17,155235.02712595757,4192.609723329544
4960,3.7378339767456055,0.23561342060565948,0.0004547532946271478,650248192,3.1992960132317184e+17,155502.7694016328,4201.038640737534
4970,3.7779541015625,0.23754452168941498,0.0004512966584717963,651558912,3.2057449066266624e+17,155338.36842497575,4209.476478815079
4980,3.711439609527588,0.2510862946510315,0.0004478665796350348,652869632,3.2121938000216064e+17,155279.56632563425,4217.917512178421
4990,3.7772562503814697,0.24887415766716003,0.00044446315673477677,654180352,3.2186426934165504e+17,154819.30543175852,4226.3836398124695
5000,3.703075408935547,0.32316645979881287,0.00044108648762255327,655491072,3.2250915868114944e+17,143184.81699311678,4235.537683010101
5010,3.7539169788360596,0.2680104970932007,0.0004377366693806999,656801792,3.2315404802064384e+17,155529.53899438647,4243.965149641037
5020,3.712986707687378,0.2785426676273346,0.0004344137983195638,658112512,3.2379893736013824e+17,155391.08331949267,4252.4001252651215
5030,3.7834908962249756,0.2353820651769638,0.0004311179699747378,659423232,3.2444382669963264e+17,155402.41163561805,4260.83448600769
5040,3.7525737285614014,0.24615024030208588,0.00042784927910431025,660733952,3.2508871603912704e+17,154970.91803462702,4269.292330980301
5050,3.7731056213378906,0.2783183455467224,0.0004246078196861426,662044672,3.2573360537862144e+17,154920.09867664834,4277.752950429916
5060,3.8242480754852295,0.24714568257331848,0.0004213936849151677,663355392,3.2637849471811584e+17,155082.81881869413,4286.204692602158
5070,3.7405223846435547,0.2658711373806,0.00041820696720070913,664666112,3.2702338405761024e+17,155426.19812767342,4294.637762546539
5080,3.7623870372772217,0.242727130651474,0.000415047758163825,665976832,3.2766827339710464e+17,153890.28249422283,4303.154999494553
5090,3.7527055740356445,0.24786053597927094,0.0004119161486346737,667287552,3.2831316273659904e+17,155516.30482118076,4311.583183288574
5100,3.79351806640625,0.25354281067848206,0.0004088122286499026,668598272,3.2895805207609344e+17,155411.38233874258,4320.017057180405
5110,3.7265193462371826,0.25649067759513855,0.00040573608745005937,669908992,3.2960294141558784e+17,154860.44802548186,4328.480935573578
5120,3.7884063720703125,0.25709113478660583,0.0004026878134770256,671219712,3.3024783075508224e+17,154753.881688214,4336.950642347336
5130,3.725567579269409,0.2718190550804138,0.00039966749437147516,672530432,3.3089272009457664e+17,154908.78818707803,4345.41187953949
5140,3.701650619506836,0.2718312442302704,0.0003966752169703535,673841152,3.3153760943407104e+17,156739.83839445363,4353.774271726608
5150,3.7067818641662598,0.24829858541488647,0.0003937110673043812,675151872,3.3218249877356544e+17,167166.86372372985,4361.615060091019
5160,3.6652560234069824,0.2689405381679535,0.0003907751305955811,676462592,3.3282738811305984e+17,155462.89825984914,4370.046139240265
5170,3.7405495643615723,0.26562637090682983,0.0003878674912548271,677773312,3.3347227745255424e+17,156383.69672983317,4378.427575588226
5180,3.7341818809509277,0.24113096296787262,0.00038498823287941834,679084032,3.3411716679204864e+17,155210.18607577632,4386.8723821640015
5190,3.753455400466919,0.2434462308883667,0.00038213743825067496,680394752,3.3476205613154304e+17,103160.61914857014,4399.57800579071
5200,3.740171194076538,0.27488675713539124,0.00037931518933155767,681705472,3.3540694547103744e+17,143392.2408306881,4408.718807220459
5210,3.735755205154419,0.27425578236579895,0.0003765215672643131,683016192,3.3605183481053184e+17,153861.4602928422,4417.237639665604
5220,3.815380334854126,0.2707543671131134,0.00037375665236813823,684326912,3.3669672415002624e+17,155660.23731458222,4425.65803027153
5230,3.757606029510498,0.24327309429645538,0.0003710205241368737,685637632,3.3734161348952064e+17,155806.51183786793,4434.070515632629
5240,3.6983726024627686,0.24057480692863464,0.00036831326123671666,686948352,3.3798650282901504e+17,155546.19050201858,4442.497080087662
5250,3.7153162956237793,0.24533739686012268,0.00036563494150395893,688259072,3.3863139216850944e+17,155566.29235355402,4450.922555685043
5260,3.7103981971740723,0.2545420527458191,0.0003629856419427509,689569792,3.3927628150800384e+17,155838.7488357218,4459.333300828934
5270,3.758988380432129,0.2502138614654541,0.0003603654387228852,690880512,3.3992117084749824e+17,156018.20601478944,4467.73437166214
5280,3.6896235942840576,0.2542576193809509,0.00035777440717760884,692191232,3.4056606018699264e+17,155612.14947032137,4476.157364368439
5290,3.733975887298584,0.2704205811023712,0.00035521262180145607,693501952,3.4121094952648704e+17,156767.06693046028,4484.518304109573
5300,3.7087528705596924,0.2901607155799866,0.00035268015624810654,694812672,3.4185583886598144e+17,156121.58659997673,4492.913811922073
5310,3.689436674118042,0.27669012546539307,0.0003501770833282692,696123392,3.4250072820547584e+17,156134.1701585727,4501.308643102646
5320,3.738351583480835,0.27368104457855225,0.00034770347500758653,697434112,3.4314561754497024e+17,156039.50628401843,4509.708567142487
5330,3.699296474456787,0.25072628259658813,0.0003452594024045677,698744832,3.4379050688446464e+17,156071.24162721066,4518.106783151627
5340,3.7670955657958984,0.26074448227882385,0.00034284493578854266,700055552,3.4443539622395904e+17,167898.96040201015,4525.91338300705
5350,3.7358694076538086,0.26207393407821655,0.00034046014457764126,701366272,3.4508028556345344e+17,155233.31324136182,4534.356931447983
5360,3.738877534866333,0.2565891146659851,0.00033810509733679965,702676992,3.4572517490294784e+17,155291.97064344742,4542.797290563583
5370,3.6718225479125977,0.24375520646572113,0.0003357798617757865,703987712,3.4637006424244224e+17,155451.46881577547,4551.228989601135
5380,3.7278802394866943,0.2539246678352356,0.00033348450474725766,705298432,3.4701495358193664e+17,155336.36696506946,4559.6669363975525
5390,3.7344448566436768,0.2731212377548218,0.000331219092244834,706609152,3.4765984292143104e+17,156179.96340583777,4568.059306144714
5400,3.6700220108032227,0.24257038533687592,0.000328983689401203,707919872,3.4830473226092544e+17,143298.82204739648,4577.206066608429
5410,3.691537857055664,0.2341441512107849,0.000326778360486248,709230592,3.4894962160041984e+17,156069.3674481039,4585.604383468628
5420,3.6902990341186523,0.24881210923194885,0.0003246031689051985,710541312,3.4959451093991424e+17,155842.80424842692,4594.014909744263
5430,3.7112185955047607,0.23573501408100128,0.0003224581771968083,711852032,3.5023940027940864e+17,155927.74249762204,4602.420854568481
5440,3.655457019805908,0.2505056858062744,0.0003203434470315571,713162752,3.5088428961890304e+17,157548.8105664885,4610.740308046341
5450,3.749159812927246,0.2804695665836334,0.0003182590392098772,714473472,3.5152917895839744e+17,161594.88389335645,4618.851455926895
5460,3.7342138290405273,0.2789123058319092,0.00031620501366040653,715784192,3.5217406829789184e+17,164108.42733997485,4626.8383705616
5470,3.7339658737182617,0.25811639428138733,0.00031418142943826367,717094912,3.5281895763738624e+17,204719.76716226139,4633.240878820419
5480,3.7986578941345215,0.2496064305305481,0.00031218834472335227,718405632,3.5346384697688064e+17,491756.1729958006,4635.906264781952
5490,3.649082660675049,0.23091475665569305,0.00031022581681868595,719716352,3.5410873631637504e+17,327505.0738997927,4639.908401250839
5500,3.6778478622436523,0.23594531416893005,0.0003082939021487432,721027072,3.5475362565586944e+17,340251.41506142623,4643.760611534119
5510,3.6850476264953613,0.2448422759771347,0.00030639265625784316,722337792,3.5539851499536384e+17,297639.8714685789,4648.16432261467
5520,3.7144060134887695,0.2748805582523346,0.00030452213380854947,723648512,3.5604340433485824e+17,162601.3208878805,4656.225265741348
5530,3.6981210708618164,0.24767443537712097,0.0003026823885800991,724959232,3.5668829367435264e+17,158371.67862322985,4664.501492977142
5540,3.7293081283569336,0.28298938274383545,0.0003008734734668549,726269952,3.5733318301384704e+17,158049.2469886151,4672.794604301453
5550,3.690328598022461,0.2617465555667877,0.00029909544047678686,727580672,3.5797807235334144e+17,157540.32728610304,4681.114505767822
5560,3.701289653778076,0.25773462653160095,0.0002973483407299741,728891392,3.5862296169283584e+17,157162.76675699727,4689.454394578934
5570,3.7271618843078613,0.2661667466163635,0.0002956322244571377,730202112,3.5926785103233024e+17,157373.86260850308,4697.783096551895
5580,3.721841335296631,0.2431737333536148,0.00029394714099819497,731512832,3.5991274037182464e+17,157262.2582060781,4706.117709159851
5590,3.6893439292907715,0.25514140725135803,0.00029229313880084154,732823552,3.6055762971131904e+17,157057.8146879658,4714.463171005249
5600,3.733421802520752,0.23851163685321808,0.0002906702654191583,734134272,3.6120251905081344e+17,137257.11181883462,4724.012548685074
5610,3.703963279724121,0.27098381519317627,0.0002890785675122437,735444992,3.6184740839030784e+17,157282.10861708876,4732.346109390259
5620,3.759739637374878,0.25854960083961487,0.00028751809084287316,736755712,3.6249229772980224e+17,156531.40158628198,4740.719636917114
5630,3.67244291305542,0.2523706555366516,0.00028598888027618266,738066432,3.6313718706929664e+17,157126.94831082528,4749.0614268779755
5640,3.6965439319610596,0.23351189494132996,0.00028449097977837907,739377152,3.6378207640879104e+17,157146.00542880467,4757.4022052288055
5650,3.69461989402771,0.2479378879070282,0.00028302443241547614,740687872,3.6442696574828544e+17,156451.472222808,4765.780010700226
5660,3.697209119796753,0.26433122158050537,0.0002815892803520562,741998592,3.6507185508777984e+17,157171.70369980708,4774.119425296783
5670,3.6637580394744873,0.26571014523506165,0.00028018556485005753,743309312,3.6571674442727424e+17,157632.58628024062,4782.4344573020935
5680,3.712879180908203,0.25358131527900696,0.00027881332626758905,744620032,3.6636163376676864e+17,158052.0005529102,4790.727424144745
5690,3.681671619415283,0.24893218278884888,0.00027747260405776904,745930752,3.6700652310626304e+17,156874.1598013011,4799.082656145096
5700,3.7694473266601562,0.25891804695129395,0.0002761634367675912,747241472,3.6765141244575744e+17,157268.32707689976,4807.416947126389
5710,3.699310064315796,0.24858544766902924,0.0002748858620368162,748552192,3.6829630178525184e+17,188329.57964665737,4814.376661062241
5720,3.762967824935913,0.27833104133605957,0.0002736399165968897,749862912,3.6894119112474624e+17,169456.99214322775,4822.111485004425
5730,3.7039361000061035,0.23068475723266602,0.00027242563626988657,751173632,3.6958608046424064e+17,157593.3413233292,4830.428587675095
5740,3.7090747356414795,0.24220673739910126,0.0002712430559674801,752484352,3.7023096980373504e+17,157560.8395188385,4838.747406005859
5750,3.7191154956817627,0.25526484847068787,0.0002700922096899391,753795072,3.7087585914322944e+17,157759.8045893944,4847.055732727051
5760,3.685030937194824,0.23904141783714294,0.00026897313052515,755105792,3.7152074848272384e+17,157902.9282197395,4855.356528759003
5770,3.674860715866089,0.2455187439918518,0.00026788585064766547,756416512,3.7216563782221824e+17,157602.08332642922,4863.673170089722
5780,3.7222466468811035,0.2592242956161499,0.00026683040131777975,757727232,3.7281052716171264e+17,157914.5123461847,4871.973357200623
5790,3.7240753173828125,0.255668967962265,0.0002658068128806294,759037952,3.7345541650120704e+17,159468.16020534234,4880.1926782131195
5800,3.7350311279296875,0.2513295114040375,0.00026481511476532117,760348672,3.7410030584070144e+17,95570.91162142338,4893.907311439514
5810,3.6872951984405518,0.2608429491519928,0.00026385533548408573,761659392,3.7474519518019584e+17,157267.4272888641,4902.241650104523
5820,3.6974446773529053,0.24945509433746338,0.0002629275026314581,762970112,3.7539008451969024e+17,158037.39776058705,4910.535383224487
5830,3.775031805038452,0.25231748819351196,0.00026203164288348416,764280832,3.7603497385918464e+17,157311.93864604543,4918.86736369133
5840,3.735506057739258,0.25722870230674744,0.0002611677819969534,765591552,3.7667986319867904e+17,157803.671083965,4927.173380851746
5850,3.693732261657715,0.2647186517715454,0.0002603359448086592,766902272,3.7732475253817344e+17,156862.70542177404,4935.5292229652405
5860,3.642402172088623,0.2555094063282013,0.0002595361552346838,768212992,3.7796964187766784e+17,157596.10161333703,4943.846179962158
5870,3.721174716949463,0.25589603185653687,0.00025876843626971126,769523712,3.7861453121716224e+17,157041.89218867462,4952.192487955093
5880,3.7445082664489746,0.25208035111427307,0.0002580328099863663,770834432,3.7925942055665664e+17,157194.65504594654,4960.5306849479675
5890,3.6509008407592773,0.23602142930030823,0.0002573292975345795,772145152,3.7990430989615104e+17,157641.44564637786,4968.845249652863
5900,3.6707162857055664,0.2299816608428955,0.00025665791914097934,773455872,3.8054919923564544e+17,157963.19876763862,4977.14287853241
5910,3.7144227027893066,0.25248512625694275,0.0002560186941083107,774766592,3.8119408857513984e+17,175442.43941651285,4984.613818883896
5920,3.674621105194092,0.24663083255290985,0.0002554116408148797,776077312,3.8183897791463424e+17,172656.33520759133,4992.205315589905
5930,3.7065610885620117,0.24093464016914368,0.0002548367767140255,777388032,3.8248386725412864e+17,157361.4793213746,5000.53467297554
5940,3.6179046630859375,0.24317573010921478,0.0002542941183336184,778698752,3.8312875659362304e+17,157450.385792469,5008.859327077866
5950,3.666795015335083,0.27412164211273193,0.00025378368127558493,780009472,3.8377364593311744e+17,157905.43630656097,5017.159991264343
5960,3.677138090133667,0.2553202509880066,0.0002533054802154587,781320192,3.8441853527261184e+17,157700.91052430388,5025.471420764923
5970,3.6595168113708496,0.25317999720573425,0.00025285952890195893,782630912,3.8506342461210624e+17,157428.4912482139,5033.797232627869
5980,3.691929817199707,0.2609253525733948,0.00025244584015659524,783941632,3.8570831395160064e+17,156058.43341869643,5042.196137905121
5990,3.675949811935425,0.291937917470932,0.00025206442587329836,785252352,3.8635320329109504e+17,157882.58073932148,5050.498003721237
6000,3.7096118927001953,0.2575766444206238,0.00025171529701807914,786563072,3.8699809263058944e+17,137545.59945253553,5060.027352571487
6010,3.6443681716918945,0.2588557302951813,0.00025139846362871236,787873792,3.8764298197008384e+17,157319.8256019076,5068.3589153289795
6020,3.694371461868286,0.2575637698173523,0.0002511139348144487,789184512,3.8828787130957824e+17,158156.10200007024,5076.646423578262
6030,3.632841110229492,0.2565805912017822,0.0002508617187557526,790495232,3.8893276064907264e+17,157897.21388910955,5084.947520017624
6040,3.7075753211975098,0.24076415598392487,0.00025064182270406727,791805952,3.8957764998856704e+17,157513.1589465024,5093.268856525421
6050,3.7278404235839844,0.2660452425479889,0.0002504542529816057,793116672,3.9022253932806144e+17,157922.3373557166,5101.568632364273
6060,3.6564443111419678,0.24490943551063538,0.00025029901498116984,794427392,3.9086742866755584e+17,159027.1425113428,5109.810747385025
6070,3.714885711669922,0.2606624960899353,0.00025017611316599454,795738112,3.9151231800705024e+17,157216.52955194807,5118.147784233093
6080,3.7037696838378906,0.2693134844303131,0.0002500855510696196,797048832,3.9215720734654464e+17,156349.09954194678,5126.5310752391815
6090,3.7144265174865723,0.2561512291431427,0.0002500273312957885,798359552,3.9280209668603904e+17,157336.17374606614,5134.861772298813
6100,3.665371894836426,0.28004270792007446,0.0002500014555183732,799670272,3.9344698602553344e+17,104404.57771069114,5147.416011095047
6102,3.7225725650787354,0.2578244209289551,0.0002500001617242947,799932416,3.935759638934323e+17,160161.74020132242,5149.052756547928
