step,event,kind,layer,score,params,flops_per_token_after
610,0,head,0,,163840,361267200
610,0,head,1,,163840,361267200
610,0,head,2,,163840,361267200
610,0,head,3,,163840,361267200
610,0,head,4,,163840,361267200
610,0,ffn,0,,81920,361267200
610,0,ffn,1,,81920,361267200
610,0,ffn,2,,81920,361267200
610,0,ffn,3,,81920,361267200
610,0,ffn,4,,81920,361267200
610,0,ffn,5,,81920,361267200
610,0,ffn,6,,81920,361267200
610,0,ffn,7,,81920,361267200
610,0,ffn,0,,81920,361267200
610,0,ffn,1,,81920,361267200
610,0,ffn,2,,81920,361267200
610,0,ffn,3,,81920,361267200
610,0,ffn,4,,81920,361267200
610,0,ffn,5,,81920,361267200
610,0,ffn,6,,81920,361267200
610,0,ffn,7,,81920,361267200
610,0,ffn,0,,81920,361267200
610,0,ffn,1,,81920,361267200
610,0,ffn,2,,81920,361267200
610,0,ffn,3,,81920,361267200
1046,1,head,5,,163840,379944960
1046,1,head,6,,163840,379944960
1046,1,head,7,,163840,379944960
1046,1,head,0,,163840,379944960
1046,1,head,1,,163840,379944960
1046,1,ffn,4,,81920,379944960
1046,1,ffn,5,,81920,379944960
1046,1,ffn,6,,81920,379944960
1046,1,ffn,7,,81920,379944960
1046,1,ffn,0,,81920,379944960
1046,1,ffn,1,,81920,379944960
1046,1,ffn,2,,81920,379944960
1046,1,ffn,3,,81920,379944960
1046,1,ffn,4,,81920,379944960
1046,1,ffn,5,,81920,379944960
1046,1,ffn,6,,81920,379944960
1046,1,ffn,7,,81920,379944960
1046,1,ffn,0,,81920,379944960
1046,1,ffn,1,,81920,379944960
1046,1,ffn,2,,81920,379944960
1046,1,ffn,3,,81920,379944960
1046,1,ffn,4,,81920,379944960
1046,1,ffn,5,,81920,379944960
1046,1,ffn,6,,81920,379944960
1046,1,ffn,7,,81920,379944960
1482,2,head,2,,163840,398622720
1482,2,head,3,,163840,398622720
1482,2,head,4,,163840,398622720
1482,2,head,5,,163840,398622720
1482,2,head,6,,163840,398622720
1482,2,ffn,0,,81920,398622720
1482,2,ffn,1,,81920,398622720
1482,2,ffn,2,,81920,398622720
1482,2,ffn,3,,81920,398622720
1482,2,ffn,4,,81920,398622720
1482,2,ffn,5,,81920,398622720
1482,2,ffn,6,,81920,398622720
1482,2,ffn,7,,81920,398622720
1482,2,ffn,0,,81920,398622720
1482,2,ffn,1,,81920,398622720
1482,2,ffn,2,,81920,398622720
1482,2,ffn,3,,81920,398622720
1482,2,ffn,4,,81920,398622720
1482,2,ffn,5,,81920,398622720
1482,2,ffn,6,,81920,398622720
1482,2,ffn,7,,81920,398622720
1482,2,ffn,0,,81920,398622720
1482,2,ffn,1,,81920,398622720
1482,2,ffn,2,,81920,398622720
1482,2,ffn,3,,81920,398622720
1918,3,head,7,,163840,417300480
1918,3,head,0,,163840,417300480
1918,3,head,1,,163840,417300480
1918,3,head,2,,163840,417300480
1918,3,head,3,,163840,417300480
1918,3,ffn,4,,81920,417300480
1918,3,ffn,5,,81920,417300480
1918,3,ffn,6,,81920,417300480
1918,3,ffn,7,,81920,417300480
1918,3,ffn,0,,81920,417300480
1918,3,ffn,1,,81920,417300480
1918,3,ffn,2,,81920,417300480
1918,3,ffn,3,,81920,417300480
1918,3,ffn,4,,81920,417300480
1918,3,ffn,5,,81920,417300480
1918,3,ffn,6,,81920,417300480
1918,3,ffn,7,,81920,417300480
1918,3,ffn,0,,81920,417300480
1918,3,ffn,1,,81920,417300480
1918,3,ffn,2,,81920,417300480
1918,3,ffn,3,,81920,417300480
1918,3,ffn,4,,81920,417300480
1918,3,ffn,5,,81920,417300480
1918,3,ffn,6,,81920,417300480
1918,3,ffn,7,,81920,417300480
2354,4,head,4,,163840,435978240
2354,4,head,5,,163840,435978240
2354,4,head,6,,163840,435978240
2354,4,head,7,,163840,435978240
2354,4,head,0,,163840,435978240
2354,4,ffn,0,,81920,435978240
2354,4,ffn,1,,81920,435978240
2354,4,ffn,2,,81920,435978240
2354,4,ffn,3,,81920,435978240
2354,4,ffn,4,,81920,435978240
2354,4,ffn,5,,81920,435978240
2354,4,ffn,6,,81920,435978240
2354,4,ffn,7,,81920,435978240
2354,4,ffn,0,,81920,435978240
2354,4,ffn,1,,81920,435978240
2354,4,ffn,2,,81920,435978240
2354,4,ffn,3,,81920,435978240
2354,4,ffn,4,,81920,435978240
2354,4,ffn,5,,81920,435978240
2354,4,ffn,6,,81920,435978240
2354,4,ffn,7,,81920,435978240
2354,4,ffn,0,,81920,435978240
2354,4,ffn,1,,81920,435978240
2354,4,ffn,2,,81920,435978240
2354,4,ffn,3,,81920,435978240
2790,5,head,1,,163840,454656000
2790,5,head,2,,163840,454656000
2790,5,head,3,,163840,454656000
2790,5,head,4,,163840,454656000
2790,5,head,5,,163840,454656000
2790,5,ffn,4,,81920,454656000
2790,5,ffn,5,,81920,454656000
2790,5,ffn,6,,81920,454656000
2790,5,ffn,7,,81920,454656000
2790,5,ffn,0,,81920,454656000
2790,5,ffn,1,,81920,454656000
2790,5,ffn,2,,81920,454656000
2790,5,ffn,3,,81920,454656000
2790,5,ffn,4,,81920,454656000
2790,5,ffn,5,,81920,454656000
2790,5,ffn,6,,81920,454656000
2790,5,ffn,7,,81920,454656000
2790,5,ffn,0,,81920,454656000
2790,5,ffn,1,,81920,454656000
2790,5,ffn,2,,81920,454656000
2790,5,ffn,3,,81920,454656000
2790,5,ffn,4,,81920,454656000
2790,5,ffn,5,,81920,454656000
2790,5,ffn,6,,81920,454656000
2790,5,ffn,7,,81920,454656000
3226,6,head,6,,163840,473333760
3226,6,head,7,,163840,473333760
3226,6,head,0,,163840,473333760
3226,6,head,1,,163840,473333760
3226,6,head,2,,163840,473333760
3226,6,ffn,0,,81920,473333760
3226,6,ffn,1,,81920,473333760
3226,6,ffn,2,,81920,473333760
3226,6,ffn,3,,81920,473333760
3226,6,ffn,4,,81920,473333760
3226,6,ffn,5,,81920,473333760
3226,6,ffn,6,,81920,473333760
3226,6,ffn,7,,81920,473333760
3226,6,ffn,0,,81920,473333760
3226,6,ffn,1,,81920,473333760
3226,6,ffn,2,,81920,473333760
3226,6,ffn,3,,81920,473333760
3226,6,ffn,4,,81920,473333760
3226,6,ffn,5,,81920,473333760
3226,6,ffn,6,,81920,473333760
3226,6,ffn,7,,81920,473333760
3226,6,ffn,0,,81920,473333760
3226,6,ffn,1,,81920,473333760
3226,6,ffn,2,,81920,473333760
3226,6,ffn,3,,81920,473333760
3662,7,head,3,,163840,492011520
3662,7,head,4,,163840,492011520
3662,7,head,5,,163840,492011520
3662,7,head,6,,163840,492011520
3662,7,head,7,,163840,492011520
3662,7,ffn,4,,81920,492011520
3662,7,ffn,5,,81920,492011520
3662,7,ffn,6,,81920,492011520
3662,7,ffn,7,,81920,492011520
3662,7,ffn,0,,81920,492011520
3662,7,ffn,1,,81920,492011520
3662,7,ffn,2,,81920,492011520
3662,7,ffn,3,,81920,492011520
3662,7,ffn,4,,81920,492011520
3662,7,ffn,5,,81920,492011520
3662,7,ffn,6,,81920,492011520
3662,7,ffn,7,,81920,492011520
3662,7,ffn,0,,81920,492011520
3662,7,ffn,1,,81920,492011520
3662,7,ffn,2,,81920,492011520
3662,7,ffn,3,,81920,492011520
3662,7,ffn,4,,81920,492011520
3662,7,ffn,5,,81920,492011520
3662,7,ffn,6,,81920,492011520
3662,7,ffn,7,,81920,492011520
