S_oraclebase	source .venv/bin/activate && OMP_NUM_THREADS=4 python train.py --micro 24 --lr 4e-3 --scale S --arm base_half --seed 0 --save_at 0.3,0.6 --stop_frac 0.6 --run_name S_oraclebase --results_dir results/oracle_base
S_grow_random_s0	source .venv/bin/activate && OMP_NUM_THREADS=4 python train.py --micro 24 --lr 4e-3 --scale S --arm grow_random --seed 0
S_grow_uniform_s0	source .venv/bin/activate && OMP_NUM_THREADS=4 python train.py --micro 24 --lr 4e-3 --scale S --arm grow_uniform --seed 0
S_scratch_flops_s0	source .venv/bin/activate && OMP_NUM_THREADS=4 python train.py --micro 24 --lr 4e-3 --scale S --arm scratch_flops --seed 0 --match_growth_flops
S_openelm_s0	source .venv/bin/activate && OMP_NUM_THREADS=4 python train.py --micro 24 --lr 4e-3 --scale S --arm openelm --seed 0
S_grow_random_s1	source .venv/bin/activate && OMP_NUM_THREADS=4 python train.py --micro 24 --lr 4e-3 --scale S --arm grow_random --seed 1
S_grow_uniform_s1	source .venv/bin/activate && OMP_NUM_THREADS=4 python train.py --micro 24 --lr 4e-3 --scale S --arm grow_uniform --seed 1
S_scratch_s1	source .venv/bin/activate && OMP_NUM_THREADS=4 python train.py --micro 24 --lr 4e-3 --scale S --arm scratch --seed 1
S_scratch_flops_s1	source .venv/bin/activate && OMP_NUM_THREADS=4 python train.py --micro 24 --lr 4e-3 --scale S --arm scratch_flops --seed 1 --match_growth_flops
S_openelm_s1	source .venv/bin/activate && OMP_NUM_THREADS=4 python train.py --micro 24 --lr 4e-3 --scale S --arm openelm --seed 1
S_grow_random_s2	source .venv/bin/activate && OMP_NUM_THREADS=4 python train.py --micro 24 --lr 4e-3 --scale S --arm grow_random --seed 2
S_grow_uniform_s2	source .venv/bin/activate && OMP_NUM_THREADS=4 python train.py --micro 24 --lr 4e-3 --scale S --arm grow_uniform --seed 2
S_scratch_s2	source .venv/bin/activate && OMP_NUM_THREADS=4 python train.py --micro 24 --lr 4e-3 --scale S --arm scratch --seed 2
S_scratch_flops_s2	source .venv/bin/activate && OMP_NUM_THREADS=4 python train.py --micro 24 --lr 4e-3 --scale S --arm scratch_flops --seed 2 --match_growth_flops
S_openelm_s2	source .venv/bin/activate && OMP_NUM_THREADS=4 python train.py --micro 24 --lr 4e-3 --scale S --arm openelm --seed 2
